molecule_chembl_id,molecule_name,assay_chembl_id,assay_type,bao_label,standard_type,standard_relation,standard_value,standard_units,pchembl_value,document_year,document_chembl_id,assay_description
CHEMBL3359272,,CHEMBL3388519,F,cell-based format,EC50,=,1318.26,nM,5.88,2014,CHEMBL3351313,Positive allosteric modulation of human recombinant GLP1 receptor expressed in 9-3-H cells by calcium mobilization assay
CHEMBL3359272,,CHEMBL3388519,F,cell-based format,EC50,=,1300.0,nM,5.89,2014,CHEMBL3351313,Positive allosteric modulation of human recombinant GLP1 receptor expressed in 9-3-H cells by calcium mobilization assay
CHEMBL3359272,,CHEMBL3388529,F,cell-based format,EC50,=,1819.7,nM,5.74,2014,CHEMBL3351313,Positive allosteric modulation of human recombinant GLP1 receptor expressed in 9-3-H cells by calcium mobilization assay in presence of EC20 of GLP1
CHEMBL3359272,,CHEMBL3388529,F,cell-based format,EC50,=,1800.0,nM,5.75,2014,CHEMBL3351313,Positive allosteric modulation of human recombinant GLP1 receptor expressed in 9-3-H cells by calcium mobilization assay in presence of EC20 of GLP1
CHEMBL3359272,,CHEMBL3388531,F,cell-based format,EC50,=,8511.38,nM,5.07,2014,CHEMBL3351313,Positive allosteric modulation of human recombinant GLP1 receptor expressed in 9-3-H cells by calcium mobilization assay in presence of EC20 of exenatide
CHEMBL3359272,,CHEMBL3388531,F,cell-based format,EC50,=,8400.0,nM,5.08,2014,CHEMBL3351313,Positive allosteric modulation of human recombinant GLP1 receptor expressed in 9-3-H cells by calcium mobilization assay in presence of EC20 of exenatide
CHEMBL3359272,,CHEMBL3388533,F,cell-based format,EC50,=,31622.78,nM,4.50,2014,CHEMBL3351313,Positive allosteric modulation of human recombinant GLP1 receptor expressed in 9-3-H cells by calcium mobilization assay in presence of EC20 of liragulitide
CHEMBL3359272,,CHEMBL3388533,F,cell-based format,EC50,=,30000.0,nM,4.52,2014,CHEMBL3351313,Positive allosteric modulation of human recombinant GLP1 receptor expressed in 9-3-H cells by calcium mobilization assay in presence of EC20 of liragulitide
CHEMBL4084119,LIRAGLUTIDE,CHEMBL3110983,F,cell-based format,EC50,=,0.0093,nM,,2013,CHEMBL3108706,Activation of human GLP-1 receptor overexpressed in HEK293 cells assessed as cAMP accumulation after 20 mins by HTRF assay
CHEMBL4084119,LIRAGLUTIDE,CHEMBL3620282,F,cell-based format,EC50,=,0.0085,nM,,2015,CHEMBL3616405,Agonist activity at human GLP1 receptor expressed in BHK cells after 3 hrs by CRE firefly luciferase reporter gene assay in absence of human serum albumin
CHEMBL4084119,LIRAGLUTIDE,CHEMBL4400243,F,cell-based format,EC50,=,0.0657,nM,10.18,2019,CHEMBL4396956,Agonist activity at human GLP1 receptor expressed in HEK293 cells assessed as induction of cAMP levels after 20 mins by time-resolved fluorescence analysis
CHEMBL4084119,LIRAGLUTIDE,CHEMBL5168495,F,cell-based format,EC50,=,0.39,nM,9.41,2022,CHEMBL5154938,Agonist activity at human GLP-1R expressed in CHO-K1 cells assessed as cAMP accumulation incubated for 30 mins in absence of BETP by plate reader method
CHEMBL4084119,LIRAGLUTIDE,CHEMBL5168497,F,cell-based format,EC50,=,1.8,nM,8.74,2022,CHEMBL5154938,Agonist activity at FAP-tagged human GLP-1R expressed in HEK293 cells assessed as receptor internalization
CHEMBL4084119,LIRAGLUTIDE,CHEMBL5168498,F,cell-based format,EC50,=,0.95,nM,9.02,2022,CHEMBL5154938,Agonist activity at GLP-1R (unknown origin) expressed in candidate selection CHO cells assessed as cAMP accumulation incubated for 30 mins by plate reader method
CHEMBL4084119,LIRAGLUTIDE,CHEMBL5168503,F,cell-based format,EC50,=,17.0,nM,7.77,2022,CHEMBL5154938,Agonist activity at human GLP-1R expressed in PathHunter CHO-K1 GLP1R beta-arrestin-2 cells assessed as induction of beta-arrestin 2 recruitment incubated for 90 mins in absence of BETP by PathHunter 
CHEMBL4084119,LIRAGLUTIDE,CHEMBL5168510,F,cell-based format,EC50,=,34.0,nM,7.47,2022,CHEMBL5154938,Agonist activity at human GLP-1R expressed in PathHunter CHO-K1 GLP1R beta-arrestin-1 cell assessed as induction of beta-arrestin 1 recruitment incubated for 90 mins by pathHunter assay
CHEMBL4084119,LIRAGLUTIDE,CHEMBL5168512,F,cell-based format,EC50,=,20.0,nM,7.70,2022,CHEMBL5154938,Agonist activity at human GLP-1R expressed in PathHunter CHO-K1 GLP1R beta-arrestin-2 cell assessed as induction of beta-arrestin 2 recruitment incubated for 90 mins by pathHunter assay
CHEMBL4084119,LIRAGLUTIDE,CHEMBL5534277,F,cell-based format,EC50,=,0.063,nM,10.20,2024,CHEMBL5532661,Agonist activity at human GLP-1 receptor expressed in HEK293 cells assessed as cAMP level measured after 60 mins by HTRF based assay
CHEMBL4084119,LIRAGLUTIDE,CHEMBL6083343,F,cell-based format,EC50,=,7.6,nM,8.12,2024,CHEMBL6083179,Agonist activity at human GLP-1 receptor expressed in HEK293 cells assessed as cAMP level measured after 60 mins by HTRF assay
CHEMBL4084119,LIRAGLUTIDE,CHEMBL6083347,F,cell-based format,EC50,=,0.0636,nM,10.20,2024,CHEMBL6083179,Agonist activity at GLP-1 receptor (unknown origin) expressed in HEK293 cells
CHEMBL4084119,LIRAGLUTIDE,CHEMBL6112171,F,cell-based format,EC50,=,0.00256,nM,,2025,CHEMBL6109125,Agonist activity at GLP-1R (unknown origin) expressed in HEK293 cells co-expressing CRE-Luc assessed as increase in intracellular cAMP accumulation in presence of 10% FBS by luciferase based assay
CHEMBL4084119,LIRAGLUTIDE,CHEMBL6112172,F,cell-based format,EC50,=,0.00107,nM,,2025,CHEMBL6109125,Agonist activity at GLP-1R (unknown origin) expressed in HEK293 cells co-expressing CRE-Luc assessed as increase in intracellular cAMP accumulation by luciferase based assay
CHEMBL4084119,LIRAGLUTIDE,CHEMBL6112173,F,cell-based format,EC50,=,0.00905,nM,,2025,CHEMBL6109125,Agonist activity at GLP-1R (unknown origin) expressed in HEK293 cells co-expressing CRE-Luc assessed as increase in intracellular cAMP accumulation in presence of 2% HSA by luciferase based assay
CHEMBL410972,,CHEMBL3090286,F,cell-based format,EC50,=,0.35,nM,9.46,2013,CHEMBL3085773,Agonist activity at human GLP-1R expressed in African green monkey COS7 cells assessed as stimulation of cAMP production
CHEMBL410972,,CHEMBL3110983,F,cell-based format,EC50,=,0.0033,nM,,2013,CHEMBL3108706,Activation of human GLP-1 receptor overexpressed in HEK293 cells assessed as cAMP accumulation after 20 mins by HTRF assay
CHEMBL410972,,CHEMBL4018830,F,cell-based format,EC50,=,0.044,nM,10.36,2017,CHEMBL4017493,Agonist activity at human GLP1 receptor expressed in HEK293 cells harboring mCerulean and mCitrine fused Epac protein assessed as increase in cAMP level up to 30 mins by fluorescence assay
CHEMBL410972,,CHEMBL4052169,F,cell-based format,EC50,=,0.0009,nM,,2017,CHEMBL4049452,Agonist activity at human GLP-1 receptor expressed in HEK293 cells assessed as cAMP accumulation after 30 mins by HTRF assay
CHEMBL410972,,CHEMBL4371651,F,cell-based format,EC50,=,0.05012,nM,10.30,2018,CHEMBL4371007,Agonist activity at human GLP1 receptor expressed in HEK293 cells assessed as increase in cAMP accumulation after 24 hrs by luciferase reporter gene assay
CHEMBL410972,,CHEMBL4371653,B,cell-based format,EC50,=,3.981,nM,8.40,2018,CHEMBL4371007,Agonist activity at Rluc8 fused human GLP1 receptor expressed in HEK293 cells assessed co-expressing GFP-tagged beta-arrestin1 assessed as increase in beta-arrestin1 recruitment after 20 to 40 mins by
CHEMBL410972,,CHEMBL4371655,B,cell-based format,EC50,=,7.943,nM,8.10,2018,CHEMBL4371007,Agonist activity at Rluc8 fused human GLP1 receptor expressed in HEK293 cells assessed co-expressing GFP-tagged beta-arrestin2 assessed as increase in beta-arrestin2 recruitment after 20 to 40 mins by
CHEMBL410972,,CHEMBL5130248,F,cell-based format,EC50,=,0.006,nM,,2022,CHEMBL5126614,Agonist activity at human GLP1R expressed in frozen cells assessed as increase in cAMP production measured after 1 hr by HitHunter luminescence assay
CHEMBL410972,,CHEMBL5130383,F,cell-based format,EC50,=,0.001585,nM,,2022,CHEMBL5126621,Agonist activity at human GLP-1R expressed in CHO cells coexpressing beta-arrestin-2 assessed as reduction in cAMP accumulation incubated for 2 hrs under dark condition by LANCE cAMP assay
CHEMBL410972,,CHEMBL5130384,F,cell-based format,EC50,=,794.33,nM,6.10,2022,CHEMBL5126621,Agonist activity at human GLP-1R expressed in CHO cells coexpressing beta-arrestin-2 assessed as stimulation intracellular calcium mobilization measured after 180 secs by Fluo-3-AM dye based fluoresce
CHEMBL410972,,CHEMBL5130385,F,assay format,EC50,=,100.0,nM,7.00,2022,CHEMBL5126621,Agonist activity at human GLP-1R assessed as increase in ERK1/2 phosphorylation at Thr202/Tyr204 residues incubated for 20 mins by AlphaLISA assay
CHEMBL410972,,CHEMBL5130386,F,cell-based format,EC50,=,25.12,nM,7.60,2022,CHEMBL5126621,Agonist activity at human GLP-1R expressed in CHO cells coexpressing beta-arrestin-2 assessed as increase in beta arrestin-2 recruitment incubated for 1 hr by chemiluminescence based pathHunter assay
CHEMBL410972,,CHEMBL5146164,F,cell-based format,EC50,=,0.084,nM,10.08,2022,CHEMBL5143608,Agonist activity at human GLP-1R expressed in HEK293 cells assessed as cAMP release incubated for 20 min by HTRF analysis
CHEMBL410972,,CHEMBL5344082,F,cell-based format,EC50,=,0.003,nM,,2023,CHEMBL5338823,Agonist activity at N-terminal HA-tagged human GLP-1R expressed in HEK293 cells assessed as effect on intracellular cAMP accumulation incubated for 30 mins by LANCA ultra cAMP assay
CHEMBL410972,,CHEMBL5344102,F,cell-based format,EC50,=,67.0,nM,7.17,2023,CHEMBL5338823,Agonist activity at N-terminal HA-tagged human GLP-1R expressed in HEK293 cells assessed as change in intracellular calcium level by Fluo-4 AM dye based calcium mobilization assay
CHEMBL410972,,CHEMBL5344104,F,cell-based format,EC50,=,97.0,nM,7.01,2023,CHEMBL5338823,Partial agonist activity at N-terminal HA-tagged human GLP-1R expressed in HEK293 cells co-expressing Smbit-beta-arrestin 1/2 and GLP-1R-LgBit assessed as beta-arrestin-1 recruitment measured after 5 
CHEMBL410972,,CHEMBL5344106,F,cell-based format,EC50,=,131.0,nM,6.88,2023,CHEMBL5338823,Partial agonist activity at N-terminal HA-tagged human GLP-1R expressed in HEK293 cells co-expressing Smbit-beta-arrestin 1/2 and GLP-1R-LgBit assessed as beta-arrestin-2 recruitment measured after 5 
CHEMBL410972,,CHEMBL5356070,F,cell-based format,EC50,=,0.057,nM,10.24,2023,CHEMBL5352484,Agonist activity at GLP-1R (unknown origin) expressed in HEK293 cells assessed as cAMP accumulation incubated for 30 mins by HTRF method
CHEMBL410972,,CHEMBL5534277,F,cell-based format,EC50,=,0.032,nM,10.49,2024,CHEMBL5532661,Agonist activity at human GLP-1 receptor expressed in HEK293 cells assessed as cAMP level measured after 60 mins by HTRF based assay
CHEMBL410972,,CHEMBL6118765,F,cell-based format,EC50,=,0.71,nM,9.15,2025,CHEMBL6115024,Agonist activity at GLP-1 receptor (unknown origin) overexpressed in CHO-K1 cells assessed as cAMP production incubated for 30 mins by HitHunter cAMP assay
CHEMBL410972,,CHEMBL6118766,F,cell-based format,EC50,=,0.16,nM,9.80,2025,CHEMBL6115024,Agonist activity at GLP-1 receptor (unknown origin) overexpressed in CHO-K1 cells assessed as cAMP production incubated for 30 mins in presence of HSA by HitHunter cAMP assay
CHEMBL410972,,CHEMBL6140116,F,cell-based format,EC50,=,1.357,nM,8.87,2025,CHEMBL6134892,Agonist activity at human GLP-1R expressed in HEK293 cells assessed as beta-arrestin recruitment
CHEMBL410972,,CHEMBL828878,B,cell-based format,EC50,=,0.4,nM,9.40,2004,CHEMBL1137923,Effective concentration against human GLP1 receptor expressed in CHO cells with 1%DMSO
CHEMBL410972,,CHEMBL829998,B,cell-based format,EC50,=,15.4,nM,7.81,2004,CHEMBL1137923,Effective concentration against human GLP1 receptor expressed in CHO cells
CHEMBL410972,,CHEMBL937690,F,cell-based format,EC50,=,1.0,nM,9.00,2008,CHEMBL1152280,Agonist activity at human GLP1R expressed in CHO cells assessed as stimulation of cAMP production
CHEMBL414357,EXENATIDE,CHEMBL1211651,F,cell-based format,EC50,=,0.1,nM,10.00,2010,CHEMBL1208696,Agonist activity at human GLP-1 receptor expressed in CHO cells assessed as increase in cAMP production
CHEMBL414357,EXENATIDE,CHEMBL3110983,F,cell-based format,EC50,=,0.0015,nM,,2013,CHEMBL3108706,Activation of human GLP-1 receptor overexpressed in HEK293 cells assessed as cAMP accumulation after 20 mins by HTRF assay
CHEMBL414357,EXENATIDE,CHEMBL4052169,F,cell-based format,EC50,=,0.0004,nM,,2017,CHEMBL4049452,Agonist activity at human GLP-1 receptor expressed in HEK293 cells assessed as cAMP accumulation after 30 mins by HTRF assay
CHEMBL414357,EXENATIDE,CHEMBL4124800,F,cell-based format,EC50,=,0.0004,nM,,2018,CHEMBL4118251,Agonist activity at human GLP1R expressed in HEK293 cells assessed as cAMP accumulation after 30 mins by HTRF assay
CHEMBL414357,EXENATIDE,CHEMBL4223840,F,cell-based format,EC50,=,0.0018,nM,,2018,CHEMBL4219235,Agonist activity at recombinant human GLP1 receptor expressed in HEK293 cells assessed as cAMP accumulation by TR-FRET assay
CHEMBL414357,EXENATIDE,CHEMBL4400243,F,cell-based format,EC50,=,0.0058,nM,,2019,CHEMBL4396956,Agonist activity at human GLP1 receptor expressed in HEK293 cells assessed as induction of cAMP levels after 20 mins by time-resolved fluorescence analysis
CHEMBL414357,EXENATIDE,CHEMBL4713464,F,cell-based format,EC50,=,0.016,nM,10.80,2021,CHEMBL4706662,Agonist activity at human GLP-1R expressed in HEK293 cells assessed as stimulation of cAMP accumulation by FRET assay
CHEMBL414357,EXENATIDE,CHEMBL5130383,F,cell-based format,EC50,=,0.0005012,nM,,2022,CHEMBL5126621,Agonist activity at human GLP-1R expressed in CHO cells coexpressing beta-arrestin-2 assessed as reduction in cAMP accumulation incubated for 2 hrs under dark condition by LANCE cAMP assay
CHEMBL414357,EXENATIDE,CHEMBL5130384,F,cell-based format,EC50,=,794.33,nM,6.10,2022,CHEMBL5126621,Agonist activity at human GLP-1R expressed in CHO cells coexpressing beta-arrestin-2 assessed as stimulation intracellular calcium mobilization measured after 180 secs by Fluo-3-AM dye based fluoresce
CHEMBL414357,EXENATIDE,CHEMBL5130385,F,assay format,EC50,=,25.12,nM,7.60,2022,CHEMBL5126621,Agonist activity at human GLP-1R assessed as increase in ERK1/2 phosphorylation at Thr202/Tyr204 residues incubated for 20 mins by AlphaLISA assay
CHEMBL414357,EXENATIDE,CHEMBL5130386,F,cell-based format,EC50,=,50.12,nM,7.30,2022,CHEMBL5126621,Agonist activity at human GLP-1R expressed in CHO cells coexpressing beta-arrestin-2 assessed as increase in beta arrestin-2 recruitment incubated for 1 hr by chemiluminescence based pathHunter assay
CHEMBL414357,EXENATIDE,CHEMBL5168495,F,cell-based format,EC50,=,0.061,nM,10.21,2022,CHEMBL5154938,Agonist activity at human GLP-1R expressed in CHO-K1 cells assessed as cAMP accumulation incubated for 30 mins in absence of BETP by plate reader method
CHEMBL414357,EXENATIDE,CHEMBL5168497,F,cell-based format,EC50,=,0.6,nM,9.22,2022,CHEMBL5154938,Agonist activity at FAP-tagged human GLP-1R expressed in HEK293 cells assessed as receptor internalization
CHEMBL414357,EXENATIDE,CHEMBL5168498,F,cell-based format,EC50,=,0.11,nM,9.96,2022,CHEMBL5154938,Agonist activity at GLP-1R (unknown origin) expressed in candidate selection CHO cells assessed as cAMP accumulation incubated for 30 mins by plate reader method
CHEMBL414357,EXENATIDE,CHEMBL5168510,F,cell-based format,EC50,=,14.0,nM,7.85,2022,CHEMBL5154938,Agonist activity at human GLP-1R expressed in PathHunter CHO-K1 GLP1R beta-arrestin-1 cell assessed as induction of beta-arrestin 1 recruitment incubated for 90 mins by pathHunter assay
CHEMBL414357,EXENATIDE,CHEMBL5168512,F,cell-based format,EC50,=,9.0,nM,8.05,2022,CHEMBL5154938,Agonist activity at human GLP-1R expressed in PathHunter CHO-K1 GLP1R beta-arrestin-2 cell assessed as induction of beta-arrestin 2 recruitment incubated for 90 mins by pathHunter assay
CHEMBL414357,EXENATIDE,CHEMBL972349,F,cell-based format,EC50,=,0.004,nM,,2008,CHEMBL1150266,Agonist activity at human GLP1R expressed in CHO cells assessed as increase in cAMP level by cAMP-response element/luciferase activation assay
CHEMBL4518483,DANUGLIPRON,CHEMBL4344291,B,cell-based format,EC50,=,12.0,nM,7.92,2020,CHEMBL4342459,Displacement of [125I]GLP-1 from human GLP-1R (7 to 36 residues) expressed in HEK293 or CHO cell membranes after 120 mins by radioligand binding assay
CHEMBL4518483,DANUGLIPRON,CHEMBL5168494,F,cell-based format,EC50,=,0.71,nM,9.15,2022,CHEMBL5154938,Agonist activity at human GLP-1R expressed in CHO-K1 cells assessed as cAMP accumulation incubated for 30 mins in presence of BETP by BETP sensitized time-resolved fluorescence assay
CHEMBL4518483,DANUGLIPRON,CHEMBL5168495,F,cell-based format,EC50,=,1.1,nM,8.96,2022,CHEMBL5154938,Agonist activity at human GLP-1R expressed in CHO-K1 cells assessed as cAMP accumulation incubated for 30 mins in absence of BETP by plate reader method
CHEMBL4518483,DANUGLIPRON,CHEMBL5168497,F,cell-based format,EC50,=,230.0,nM,6.64,2022,CHEMBL5154938,Agonist activity at FAP-tagged human GLP-1R expressed in HEK293 cells assessed as receptor internalization
CHEMBL4518483,DANUGLIPRON,CHEMBL5168498,F,cell-based format,EC50,=,13.0,nM,7.89,2022,CHEMBL5154938,Agonist activity at GLP-1R (unknown origin) expressed in candidate selection CHO cells assessed as cAMP accumulation incubated for 30 mins by plate reader method
CHEMBL4518483,DANUGLIPRON,CHEMBL5168510,F,cell-based format,EC50,=,760.0,nM,6.12,2022,CHEMBL5154938,Agonist activity at human GLP-1R expressed in PathHunter CHO-K1 GLP1R beta-arrestin-1 cell assessed as induction of beta-arrestin 1 recruitment incubated for 90 mins by pathHunter assay
CHEMBL4518483,DANUGLIPRON,CHEMBL5168512,F,cell-based format,EC50,=,490.0,nM,6.31,2022,CHEMBL5154938,Agonist activity at human GLP-1R expressed in PathHunter CHO-K1 GLP1R beta-arrestin-2 cell assessed as induction of beta-arrestin 2 recruitment incubated for 90 mins by pathHunter assay
CHEMBL4518483,DANUGLIPRON,CHEMBL5344082,F,cell-based format,EC50,=,0.04,nM,10.40,2023,CHEMBL5338823,Agonist activity at N-terminal HA-tagged human GLP-1R expressed in HEK293 cells assessed as effect on intracellular cAMP accumulation incubated for 30 mins by LANCA ultra cAMP assay
CHEMBL4518483,DANUGLIPRON,CHEMBL5344102,F,cell-based format,EC50,=,1610.0,nM,5.79,2023,CHEMBL5338823,Agonist activity at N-terminal HA-tagged human GLP-1R expressed in HEK293 cells assessed as change in intracellular calcium level by Fluo-4 AM dye based calcium mobilization assay
CHEMBL4518483,DANUGLIPRON,CHEMBL5344104,F,cell-based format,EC50,=,2043.0,nM,5.69,2023,CHEMBL5338823,Partial agonist activity at N-terminal HA-tagged human GLP-1R expressed in HEK293 cells co-expressing Smbit-beta-arrestin 1/2 and GLP-1R-LgBit assessed as beta-arrestin-1 recruitment measured after 5 
CHEMBL4518483,DANUGLIPRON,CHEMBL5344106,F,cell-based format,EC50,=,1614.0,nM,5.79,2023,CHEMBL5338823,Partial agonist activity at N-terminal HA-tagged human GLP-1R expressed in HEK293 cells co-expressing Smbit-beta-arrestin 1/2 and GLP-1R-LgBit assessed as beta-arrestin-2 recruitment measured after 5 
CHEMBL4518483,DANUGLIPRON,CHEMBL5366264,F,cell-based format,EC50,=,1.1,nM,8.96,2023,CHEMBL5365423,Agonist activity at GLP-1 receptor (unknown origin) expressed in CHO cells by cAMP assay
CHEMBL4518483,DANUGLIPRON,CHEMBL5366266,B,cell membrane format,EC50,=,13.0,nM,7.89,2023,CHEMBL5365423,Displacement of [125I]-GLP1 from GLP-1 receptor (unknown origin) expressed in CHO cells membrane pre-incubated for 10 mins followed by [125I]-GLP1 addition and measured after 180 mins by microbeta sci
CHEMBL4518483,DANUGLIPRON,CHEMBL5552312,F,cell-based format,EC50,=,0.058,nM,10.24,2024,CHEMBL5550163,Agonist activity human GLP-1R stably expressed in HEK293 cells assessed as reduction in intracellular cAMP level incubated for 30 mins by multiplate reader analysis
CHEMBL4518483,DANUGLIPRON,CHEMBL5552314,F,cell-based format,EC50,=,132.0,nM,6.88,2024,CHEMBL5550163,Agonist activity at GLP-1R (unknown origin) transfected in HEK293 cells assessed as beta-arrestin1 recruitment incubated for 5 mins by Envision multiplate reader analysis
CHEMBL4518483,DANUGLIPRON,CHEMBL5552316,F,cell-based format,EC50,=,194.0,nM,6.71,2024,CHEMBL5550163,Agonist activity at GLP-1R (unknown origin) transfected in HEK293 cells assessed as beta-arrestin2 recruitment incubated for 5 mins by Envision multiplate reader analysis
CHEMBL4518483,DANUGLIPRON,CHEMBL5582336,F,cell-based format,EC50,=,0.12,nM,9.92,2024,CHEMBL5579877,Agonist activity at human GLP-1R expressed in HEK293 cells assessed as accumulation of cAMP preincubated for 30 mins followed by d2-labeled cAMP addition and anti-cAMP cryptate addition measured after
CHEMBL4518483,DANUGLIPRON,CHEMBL5608856,B,single protein format,EC50,=,0.71,nM,9.15,2024,CHEMBL5608176,Activation of GLP-1R (unknown origin)
CHEMBL4518483,DANUGLIPRON,CHEMBL5732842,B,cell-based format,EC50,=,0.95,nM,9.02,2019,CHEMBL5726519,CHO GLP-1R Clone H6-Assay 1: GLP-1R-mediated agonist activity was determined with a cell-based functional assay utilizing an HTRF (Homogeneous Time-Resolved Fluorescence) cAMP detection kit (cAMP HI R
CHEMBL4518483,DANUGLIPRON,CHEMBL5732842,B,cell-based format,EC50,=,1.1,nM,8.96,2019,CHEMBL5726519,CHO GLP-1R Clone H6-Assay 1: GLP-1R-mediated agonist activity was determined with a cell-based functional assay utilizing an HTRF (Homogeneous Time-Resolved Fluorescence) cAMP detection kit (cAMP HI R
CHEMBL4518483,DANUGLIPRON,CHEMBL5732843,B,cell-based format,EC50,=,17.0,nM,7.77,2019,CHEMBL5726519,CHO GLP-1R Clone C6-Assay 2: GLP-1R-mediated agonist activity was determined with a cell-based functional assay utilizing an HTRF (Homogeneous Time-Resolved Fluorescence) cAMP detection kit (cAMP HI R
CHEMBL4518483,DANUGLIPRON,CHEMBL5732843,B,cell-based format,EC50,=,13.0,nM,7.89,2019,CHEMBL5726519,CHO GLP-1R Clone C6-Assay 2: GLP-1R-mediated agonist activity was determined with a cell-based functional assay utilizing an HTRF (Homogeneous Time-Resolved Fluorescence) cAMP detection kit (cAMP HI R
CHEMBL4518483,DANUGLIPRON,CHEMBL6100735,F,cell-based format,EC50,=,12882495.52,nM,,2025,CHEMBL6096721,Agonist activity at human GLP-1R expressed in HEK293 cells assessed as cAMP accumulation incubated for 30 mins by LANCE ultra cAMP assay
CHEMBL4518483,DANUGLIPRON,CHEMBL6113405,F,cell-based format,EC50,=,0.048,nM,10.32,2025,CHEMBL6109144,Agonist activity at N-terminal hemagglutinin-tagged human GLP-1R expressed in CHO cells co-transfected with pcDNA3.0 assessed as increase in intracellular cAMP accumulation incubated for 30 mins by mi
CHEMBL4518483,DANUGLIPRON,CHEMBL6113416,F,cell-based format,EC50,=,11.48,nM,7.94,2025,CHEMBL6109144,Agonist activity at human GLP-1R expressed in HEK293 cells assessed as beta-arrestin2 recruitment incubated for 5 mins by bioluminescence based Envision multiplate reader analysis
CHEMBL4518483,DANUGLIPRON,CHEMBL6113417,F,cell-based format,EC50,=,50.81,nM,7.29,2025,CHEMBL6109144,Agonist activity at human GLP-1R expressed in HEK293 cells assessed as beta-arrestin1 recruitment incubated for 5 mins by bioluminescence based Envision multiplate reader analysis
CHEMBL4518483,DANUGLIPRON,CHEMBL6140092,F,cell-based format,EC50,=,23.5,nM,7.63,2025,CHEMBL6134892,Agonist activity at human GLP-1R expressed in HEK293 cells coexpressing CRE LUC incubated for 5 hrs by luciferase based microplate reader analysis
CHEMBL5175378,,CHEMBL5130383,F,cell-based format,EC50,=,1.0,nM,9.00,2022,CHEMBL5126621,Agonist activity at human GLP-1R expressed in CHO cells coexpressing beta-arrestin-2 assessed as reduction in cAMP accumulation incubated for 2 hrs under dark condition by LANCE cAMP assay
CHEMBL5175378,,CHEMBL5130384,F,cell-based format,EC50,=,2511.89,nM,5.60,2022,CHEMBL5126621,Agonist activity at human GLP-1R expressed in CHO cells coexpressing beta-arrestin-2 assessed as stimulation intracellular calcium mobilization measured after 180 secs by Fluo-3-AM dye based fluoresce
CHEMBL5175378,,CHEMBL5130385,F,assay format,EC50,=,501.19,nM,6.30,2022,CHEMBL5126621,Agonist activity at human GLP-1R assessed as increase in ERK1/2 phosphorylation at Thr202/Tyr204 residues incubated for 20 mins by AlphaLISA assay
CHEMBL5175378,,CHEMBL5130386,F,cell-based format,EC50,=,398.11,nM,6.40,2022,CHEMBL5126621,Agonist activity at human GLP-1R expressed in CHO cells coexpressing beta-arrestin-2 assessed as increase in beta arrestin-2 recruitment incubated for 1 hr by chemiluminescence based pathHunter assay
CHEMBL5175695,,CHEMBL5130383,F,cell-based format,EC50,=,0.03162,nM,10.50,2022,CHEMBL5126621,Agonist activity at human GLP-1R expressed in CHO cells coexpressing beta-arrestin-2 assessed as reduction in cAMP accumulation incubated for 2 hrs under dark condition by LANCE cAMP assay
CHEMBL5175695,,CHEMBL5130384,F,cell-based format,EC50,=,794.33,nM,6.10,2022,CHEMBL5126621,Agonist activity at human GLP-1R expressed in CHO cells coexpressing beta-arrestin-2 assessed as stimulation intracellular calcium mobilization measured after 180 secs by Fluo-3-AM dye based fluoresce
CHEMBL5175695,,CHEMBL5130385,F,assay format,EC50,=,15.85,nM,7.80,2022,CHEMBL5126621,Agonist activity at human GLP-1R assessed as increase in ERK1/2 phosphorylation at Thr202/Tyr204 residues incubated for 20 mins by AlphaLISA assay
CHEMBL5175695,,CHEMBL5130386,F,cell-based format,EC50,=,25.12,nM,7.60,2022,CHEMBL5126621,Agonist activity at human GLP-1R expressed in CHO cells coexpressing beta-arrestin-2 assessed as increase in beta arrestin-2 recruitment incubated for 1 hr by chemiluminescence based pathHunter assay
CHEMBL5182066,,CHEMBL5130383,F,cell-based format,EC50,=,0.01995,nM,10.70,2022,CHEMBL5126621,Agonist activity at human GLP-1R expressed in CHO cells coexpressing beta-arrestin-2 assessed as reduction in cAMP accumulation incubated for 2 hrs under dark condition by LANCE cAMP assay
CHEMBL5182066,,CHEMBL5130384,F,cell-based format,EC50,=,1258.93,nM,5.90,2022,CHEMBL5126621,Agonist activity at human GLP-1R expressed in CHO cells coexpressing beta-arrestin-2 assessed as stimulation intracellular calcium mobilization measured after 180 secs by Fluo-3-AM dye based fluoresce
CHEMBL5182066,,CHEMBL5130385,F,assay format,EC50,=,63.1,nM,7.20,2022,CHEMBL5126621,Agonist activity at human GLP-1R assessed as increase in ERK1/2 phosphorylation at Thr202/Tyr204 residues incubated for 20 mins by AlphaLISA assay
CHEMBL5182066,,CHEMBL5130386,F,cell-based format,EC50,=,199.53,nM,6.70,2022,CHEMBL5126621,Agonist activity at human GLP-1R expressed in CHO cells coexpressing beta-arrestin-2 assessed as increase in beta arrestin-2 recruitment incubated for 1 hr by chemiluminescence based pathHunter assay
CHEMBL5182388,,CHEMBL5168494,F,cell-based format,EC50,=,6.7,nM,8.17,2022,CHEMBL5154938,Agonist activity at human GLP-1R expressed in CHO-K1 cells assessed as cAMP accumulation incubated for 30 mins in presence of BETP by BETP sensitized time-resolved fluorescence assay
CHEMBL5182388,,CHEMBL5168495,F,cell-based format,EC50,=,95.0,nM,7.02,2022,CHEMBL5154938,Agonist activity at human GLP-1R expressed in CHO-K1 cells assessed as cAMP accumulation incubated for 30 mins in absence of BETP by plate reader method
CHEMBL5182388,,CHEMBL5168498,F,cell-based format,EC50,=,2100.0,nM,5.68,2022,CHEMBL5154938,Agonist activity at GLP-1R (unknown origin) expressed in candidate selection CHO cells assessed as cAMP accumulation incubated for 30 mins by plate reader method
CHEMBL5182388,,CHEMBL5168501,F,cell-based format,EC50,=,2800.0,nM,5.55,2022,CHEMBL5154938,Agonist activity at human GLP-1R expressed in PathHunter CHO-K1 GLP1R beta-arrestin-2 cell assessed as induction of beta-arrestin 2 recruitment incubated for 90 mins in presence of BETP by PathHunter 
CHEMBL5182388,,CHEMBL5168503,F,cell-based format,EC50,>,30000.0,nM,,2022,CHEMBL5154938,Agonist activity at human GLP-1R expressed in PathHunter CHO-K1 GLP1R beta-arrestin-2 cells assessed as induction of beta-arrestin 2 recruitment incubated for 90 mins in absence of BETP by PathHunter 
CHEMBL5182388,,CHEMBL5608856,B,single protein format,EC50,=,6.71,nM,8.17,2024,CHEMBL5608176,Activation of GLP-1R (unknown origin)
CHEMBL5182388,,CHEMBL5732842,B,cell-based format,EC50,=,90.0,nM,7.05,2019,CHEMBL5726519,CHO GLP-1R Clone H6-Assay 1: GLP-1R-mediated agonist activity was determined with a cell-based functional assay utilizing an HTRF (Homogeneous Time-Resolved Fluorescence) cAMP detection kit (cAMP HI R
CHEMBL5182388,,CHEMBL5732843,B,cell-based format,EC50,=,1800.0,nM,5.75,2019,CHEMBL5726519,CHO GLP-1R Clone C6-Assay 2: GLP-1R-mediated agonist activity was determined with a cell-based functional assay utilizing an HTRF (Homogeneous Time-Resolved Fluorescence) cAMP detection kit (cAMP HI R
CHEMBL5183336,,CHEMBL5097251,F,cell-based format,EC50,=,270.0,nM,6.57,2021,CHEMBL5096166,Positive allosteric modulator activity at human GLP-1R expressed in HEK293 cells assessed as potentiation of EC20 GLP-1(9-36) induced cAMP accumulation in presence of IBMX relative to GLP-1(9-36)
CHEMBL5183336,,CHEMBL5097277,F,cell-based format,EC50,=,0.085,nM,10.07,2021,CHEMBL5096166,Agonist activity at human GLP-1R expressed in HEK293 cells assessed as potentiation of GLP-1(7-36) induced cAMP accumulation
CHEMBL5183336,,CHEMBL5097278,F,cell-based format,EC50,=,1800.0,nM,5.75,2021,CHEMBL5096166,Partial agonist activity at human GLP-1R expressed in HEK293 cells assessed as potentiation of GLP-1(9-36) induced cAMP accumulation in presence of IBMX
CHEMBL5183336,,CHEMBL5097282,F,cell-based format,EC50,=,7.0,nM,8.15,2021,CHEMBL5096166,Agonist activity at human GLP-1R expressed in HEK293 cells assessed as potentiation of GLP-1(9-36) induced cAMP accumulation in presence of IBMX
CHEMBL5183336,,CHEMBL5097286,F,cell-based format,EC50,=,12.0,nM,7.92,2021,CHEMBL5096166,Agonist activity at human GLP-1R expressed in CHO-K1 cells assessed as potentiation of GLP-1(9-36) induced beta-arrestin recruitment
CHEMBL5183336,,CHEMBL5097288,F,cell-based format,EC50,=,7.0,nM,8.15,2021,CHEMBL5096166,Positive allosteric modulator activity at human GLP-1R transfected in rat INS-1 832/13 cells assessed as potentiation of GLP-1(9-36) induced cAMP accumulation
CHEMBL5189596,,CHEMBL5130383,F,cell-based format,EC50,=,0.03981,nM,10.40,2022,CHEMBL5126621,Agonist activity at human GLP-1R expressed in CHO cells coexpressing beta-arrestin-2 assessed as reduction in cAMP accumulation incubated for 2 hrs under dark condition by LANCE cAMP assay
CHEMBL5189596,,CHEMBL5130384,F,cell-based format,EC50,=,794.33,nM,6.10,2022,CHEMBL5126621,Agonist activity at human GLP-1R expressed in CHO cells coexpressing beta-arrestin-2 assessed as stimulation intracellular calcium mobilization measured after 180 secs by Fluo-3-AM dye based fluoresce
CHEMBL5189596,,CHEMBL5130385,F,assay format,EC50,=,19.95,nM,7.70,2022,CHEMBL5126621,Agonist activity at human GLP-1R assessed as increase in ERK1/2 phosphorylation at Thr202/Tyr204 residues incubated for 20 mins by AlphaLISA assay
CHEMBL5189596,,CHEMBL5130386,F,cell-based format,EC50,=,25.12,nM,7.60,2022,CHEMBL5126621,Agonist activity at human GLP-1R expressed in CHO cells coexpressing beta-arrestin-2 assessed as increase in beta arrestin-2 recruitment incubated for 1 hr by chemiluminescence based pathHunter assay
CHEMBL5191519,,CHEMBL5168495,F,cell-based format,EC50,=,0.75,nM,9.12,2022,CHEMBL5154938,Agonist activity at human GLP-1R expressed in CHO-K1 cells assessed as cAMP accumulation incubated for 30 mins in absence of BETP by plate reader method
CHEMBL5191519,,CHEMBL5168498,F,cell-based format,EC50,=,8.6,nM,8.07,2022,CHEMBL5154938,Agonist activity at GLP-1R (unknown origin) expressed in candidate selection CHO cells assessed as cAMP accumulation incubated for 30 mins by plate reader method
CHEMBL5191519,,CHEMBL5168510,F,cell-based format,EC50,=,250.0,nM,6.60,2022,CHEMBL5154938,Agonist activity at human GLP-1R expressed in PathHunter CHO-K1 GLP1R beta-arrestin-1 cell assessed as induction of beta-arrestin 1 recruitment incubated for 90 mins by pathHunter assay
CHEMBL5191519,,CHEMBL5168512,F,cell-based format,EC50,=,610.0,nM,6.21,2022,CHEMBL5154938,Agonist activity at human GLP-1R expressed in PathHunter CHO-K1 GLP1R beta-arrestin-2 cell assessed as induction of beta-arrestin 2 recruitment incubated for 90 mins by pathHunter assay
CHEMBL5191519,,CHEMBL5732842,B,cell-based format,EC50,=,0.47,nM,9.33,2019,CHEMBL5726519,CHO GLP-1R Clone H6-Assay 1: GLP-1R-mediated agonist activity was determined with a cell-based functional assay utilizing an HTRF (Homogeneous Time-Resolved Fluorescence) cAMP detection kit (cAMP HI R
CHEMBL5191519,,CHEMBL5732843,B,cell-based format,EC50,=,5.0,nM,8.30,2019,CHEMBL5726519,CHO GLP-1R Clone C6-Assay 2: GLP-1R-mediated agonist activity was determined with a cell-based functional assay utilizing an HTRF (Homogeneous Time-Resolved Fluorescence) cAMP detection kit (cAMP HI R
CHEMBL5314341,GLUCAGON,CHEMBL1227945,F,cell-based format,EC50,=,3.3,nM,8.48,2009,CHEMBL1221226,Agonist activity at GLP1R expressed in HEK293 cells assessed as stimulation of cAMP production by luciferase reporter gene assay
CHEMBL5314341,GLUCAGON,CHEMBL4052169,F,cell-based format,EC50,=,0.0439,nM,10.36,2017,CHEMBL4049452,Agonist activity at human GLP-1 receptor expressed in HEK293 cells assessed as cAMP accumulation after 30 mins by HTRF assay
CHEMBL5314341,GLUCAGON,CHEMBL4052183,F,cell-based format,EC50,=,3.74,nM,8.43,2017,CHEMBL4049452,Agonist activity at human GLP-1 receptor expressed in HEK293 cells assessed as cAMP accumulation after 5 hrs by luciferase reporter gene assay
CHEMBL5314341,GLUCAGON,CHEMBL4124800,F,cell-based format,EC50,=,0.0439,nM,10.36,2018,CHEMBL4118251,Agonist activity at human GLP1R expressed in HEK293 cells assessed as cAMP accumulation after 30 mins by HTRF assay
CHEMBL5314341,GLUCAGON,CHEMBL4132519,F,cell-based format,EC50,=,7.7,nM,8.11,2017,CHEMBL4130377,Agonist activity at full length human GLP1R expressed in HEK293 cells assessed as increase in cAMP accumulation after 20 mins by HTRF assay
CHEMBL5314341,GLUCAGON,CHEMBL4220177,F,cell-based format,EC50,=,41.0,nM,7.39,2018,CHEMBL4219047,Agonist activity at human GLP1 receptor expressed in CHO cells assessed as increase in cAMP level by TR-FRET assay
CHEMBL5314341,GLUCAGON,CHEMBL5130248,F,cell-based format,EC50,=,0.057,nM,10.24,2022,CHEMBL5126614,Agonist activity at human GLP1R expressed in frozen cells assessed as increase in cAMP production measured after 1 hr by HitHunter luminescence assay
CHEMBL5314341,GLUCAGON,CHEMBL5215271,F,cell-based format,EC50,=,3.8,nM,8.42,2021,CHEMBL5214890,Agonist activity at human GLP-1R expressed in HEK293 cells incubated for 30 mins and assessed as increase in cAMP accumulation measured by HTRF assay
CHEMBL585195,,CHEMBL6083340,F,cell-based format,EC50,=,3.71,nM,8.43,2024,CHEMBL6083179,Agonist activity at GLP-1R (unknown origin) expressed in CHO cells assessed as increase in cAMP production incubated for 60 mins by HTRF assay
CHEMBL585195,,CHEMBL6083341,F,assay format,EC50,=,0.44,nM,9.36,2024,CHEMBL6083179,Agonist activity at GLP-1R (unknown origin)
CHEMBL585195,,CHEMBL6083343,F,cell-based format,EC50,=,7.4,nM,8.13,2024,CHEMBL6083179,Agonist activity at human GLP-1 receptor expressed in HEK293 cells assessed as cAMP level measured after 60 mins by HTRF assay
CHEMBL585195,,CHEMBL6083344,F,cell-based format,EC50,=,0.062,nM,10.21,2024,CHEMBL6083179,Agonist activity at human GLP-1 receptor expressed in CHO-K1 cells assessed as cAMP induction by FRET assay
CHEMBL585195,,CHEMBL6083347,F,cell-based format,EC50,=,0.0218,nM,10.66,2024,CHEMBL6083179,Agonist activity at GLP-1 receptor (unknown origin) expressed in HEK293 cells
