molecule_chembl_id,molecule_name,concentration_nM,replicate,response_pct,qc_flag
CHEMBL3359272,,0.001,1,-0.19,0
CHEMBL3359272,,0.001,2,-35.16,1
CHEMBL3359272,,0.001,3,1.12,0
CHEMBL3359272,,0.003162,1,-1.73,0
CHEMBL3359272,,0.003162,2,1.94,0
CHEMBL3359272,,0.003162,3,1.54,0
CHEMBL3359272,,0.01,1,-0.14,0
CHEMBL3359272,,0.01,2,0.46,0
CHEMBL3359272,,0.01,3,-6.56,0
CHEMBL3359272,,0.031623,1,0.99,0
CHEMBL3359272,,0.031623,2,3.63,0
CHEMBL3359272,,0.031623,3,3.6,0
CHEMBL3359272,,0.1,1,2.43,0
CHEMBL3359272,,0.1,2,2.49,0
CHEMBL3359272,,0.1,3,1.68,0
CHEMBL3359272,,0.316228,1,0.63,0
CHEMBL3359272,,0.316228,2,0.7,0
CHEMBL3359272,,0.316228,3,-1.2,0
CHEMBL3359272,,1.0,1,-1.17,0
CHEMBL3359272,,1.0,2,3.42,0
CHEMBL3359272,,1.0,3,1.58,0
CHEMBL3359272,,3.162278,1,0.44,0
CHEMBL3359272,,3.162278,2,3.23,0
CHEMBL3359272,,3.162278,3,-2.6,0
CHEMBL3359272,,10.0,1,-0.75,0
CHEMBL3359272,,10.0,2,2.39,0
CHEMBL3359272,,10.0,3,0.95,0
CHEMBL3359272,,31.622777,1,0.01,0
CHEMBL3359272,,31.622777,2,2.34,0
CHEMBL3359272,,31.622777,3,-2.16,0
CHEMBL3359272,,100.0,1,2.62,0
CHEMBL3359272,,100.0,2,0.44,0
CHEMBL3359272,,100.0,3,-1.56,0
CHEMBL4084119,LIRAGLUTIDE,0.001,1,1.15,0
CHEMBL4084119,LIRAGLUTIDE,0.001,2,-1.35,0
CHEMBL4084119,LIRAGLUTIDE,0.001,3,3.46,0
CHEMBL4084119,LIRAGLUTIDE,0.003162,1,3.25,0
CHEMBL4084119,LIRAGLUTIDE,0.003162,2,0.11,0
CHEMBL4084119,LIRAGLUTIDE,0.003162,3,-0.37,0
CHEMBL4084119,LIRAGLUTIDE,0.01,1,2.22,0
CHEMBL4084119,LIRAGLUTIDE,0.01,2,4.24,0
CHEMBL4084119,LIRAGLUTIDE,0.01,3,4.03,0
CHEMBL4084119,LIRAGLUTIDE,0.031623,1,3.33,0
CHEMBL4084119,LIRAGLUTIDE,0.031623,2,2.58,0
CHEMBL4084119,LIRAGLUTIDE,0.031623,3,2.32,0
CHEMBL4084119,LIRAGLUTIDE,0.1,1,4.42,0
CHEMBL4084119,LIRAGLUTIDE,0.1,2,5.42,0
CHEMBL4084119,LIRAGLUTIDE,0.1,3,11.34,0
CHEMBL4084119,LIRAGLUTIDE,0.316228,1,23.12,0
CHEMBL4084119,LIRAGLUTIDE,0.316228,2,20.09,0
CHEMBL4084119,LIRAGLUTIDE,0.316228,3,19.68,0
CHEMBL4084119,LIRAGLUTIDE,1.0,1,48.2,0
CHEMBL4084119,LIRAGLUTIDE,1.0,2,42.46,0
CHEMBL4084119,LIRAGLUTIDE,1.0,3,38.66,0
CHEMBL4084119,LIRAGLUTIDE,3.162278,1,68.0,0
CHEMBL4084119,LIRAGLUTIDE,3.162278,2,67.1,0
CHEMBL4084119,LIRAGLUTIDE,3.162278,3,70.48,0
CHEMBL4084119,LIRAGLUTIDE,10.0,1,83.89,0
CHEMBL4084119,LIRAGLUTIDE,10.0,2,49.22,1
CHEMBL4084119,LIRAGLUTIDE,10.0,3,88.33,0
CHEMBL4084119,LIRAGLUTIDE,31.622777,1,92.72,0
CHEMBL4084119,LIRAGLUTIDE,31.622777,2,95.39,0
CHEMBL4084119,LIRAGLUTIDE,31.622777,3,95.93,0
CHEMBL4084119,LIRAGLUTIDE,100.0,1,99.81,0
CHEMBL4084119,LIRAGLUTIDE,100.0,2,100.9,0
CHEMBL4084119,LIRAGLUTIDE,100.0,3,98.93,0
CHEMBL4084119,LIRAGLUTIDE,316.227766,1,97.52,0
CHEMBL4084119,LIRAGLUTIDE,316.227766,2,97.5,0
CHEMBL4084119,LIRAGLUTIDE,316.227766,3,98.2,0
CHEMBL4084119,LIRAGLUTIDE,1000.0,1,100.67,0
CHEMBL4084119,LIRAGLUTIDE,1000.0,2,97.14,0
CHEMBL4084119,LIRAGLUTIDE,1000.0,3,100.86,0
CHEMBL4084119,LIRAGLUTIDE,3162.27766,1,99.78,0
CHEMBL4084119,LIRAGLUTIDE,3162.27766,2,102.56,0
CHEMBL4084119,LIRAGLUTIDE,3162.27766,3,92.81,0
CHEMBL4084119,LIRAGLUTIDE,10000.0,1,98.41,0
CHEMBL4084119,LIRAGLUTIDE,10000.0,2,98.87,0
CHEMBL4084119,LIRAGLUTIDE,10000.0,3,96.34,0
CHEMBL410972,,0.001,1,-4.27,0
CHEMBL410972,,0.001,2,-0.6,0
CHEMBL410972,,0.001,3,-1.64,0
CHEMBL410972,,0.003162,1,0.18,0
CHEMBL410972,,0.003162,2,1.85,0
CHEMBL410972,,0.003162,3,0.72,0
CHEMBL410972,,0.01,1,-0.99,0
CHEMBL410972,,0.01,2,-1.45,0
CHEMBL410972,,0.01,3,3.69,0
CHEMBL410972,,0.031623,1,-1.28,0
CHEMBL410972,,0.031623,2,2.82,0
CHEMBL410972,,0.031623,3,6.08,0
CHEMBL410972,,0.1,1,2.48,0
CHEMBL410972,,0.1,2,10.66,0
CHEMBL410972,,0.1,3,6.59,0
CHEMBL410972,,0.316228,1,18.67,0
CHEMBL410972,,0.316228,2,20.53,0
CHEMBL410972,,0.316228,3,19.35,0
CHEMBL410972,,1.0,1,37.42,0
CHEMBL410972,,1.0,2,39.8,0
CHEMBL410972,,1.0,3,42.86,0
CHEMBL410972,,3.162278,1,58.79,0
CHEMBL410972,,3.162278,2,64.17,0
CHEMBL410972,,3.162278,3,60.62,0
CHEMBL410972,,10.0,1,67.72,0
CHEMBL410972,,10.0,2,68.65,0
CHEMBL410972,,10.0,3,72.07,0
CHEMBL410972,,31.622777,1,70.52,0
CHEMBL410972,,31.622777,2,71.63,0
CHEMBL410972,,31.622777,3,75.0,0
CHEMBL410972,,100.0,1,70.85,0
CHEMBL410972,,100.0,2,64.88,0
CHEMBL410972,,100.0,3,72.0,0
CHEMBL410972,,316.227766,1,72.11,0
CHEMBL410972,,316.227766,2,71.22,0
CHEMBL410972,,316.227766,3,69.6,0
CHEMBL410972,,1000.0,1,73.82,0
CHEMBL410972,,1000.0,2,70.28,0
CHEMBL410972,,1000.0,3,76.73,0
CHEMBL410972,,3162.27766,1,71.51,0
CHEMBL410972,,3162.27766,2,107.92,1
CHEMBL410972,,3162.27766,3,76.76,0
CHEMBL410972,,10000.0,1,70.96,0
CHEMBL410972,,10000.0,2,66.05,0
CHEMBL410972,,10000.0,3,73.22,0
CHEMBL414357,EXENATIDE,0.001,1,0.18,0
CHEMBL414357,EXENATIDE,0.001,2,2.51,0
CHEMBL414357,EXENATIDE,0.001,3,-3.51,0
CHEMBL414357,EXENATIDE,0.003162,1,3.44,0
CHEMBL414357,EXENATIDE,0.003162,2,-2.1,0
CHEMBL414357,EXENATIDE,0.003162,3,-4.27,0
CHEMBL414357,EXENATIDE,0.01,1,1.36,0
CHEMBL414357,EXENATIDE,0.01,2,2.18,0
CHEMBL414357,EXENATIDE,0.01,3,0.35,0
CHEMBL414357,EXENATIDE,0.031623,1,4.3,0
CHEMBL414357,EXENATIDE,0.031623,2,-2.51,0
CHEMBL414357,EXENATIDE,0.031623,3,0.35,0
CHEMBL414357,EXENATIDE,0.1,1,5.56,0
CHEMBL414357,EXENATIDE,0.1,2,9.62,0
CHEMBL414357,EXENATIDE,0.1,3,0.48,0
CHEMBL414357,EXENATIDE,0.316228,1,6.54,0
CHEMBL414357,EXENATIDE,0.316228,2,8.97,0
CHEMBL414357,EXENATIDE,0.316228,3,9.85,0
CHEMBL414357,EXENATIDE,1.0,1,16.52,0
CHEMBL414357,EXENATIDE,1.0,2,20.09,0
CHEMBL414357,EXENATIDE,1.0,3,18.48,0
CHEMBL414357,EXENATIDE,3.162278,1,29.29,0
CHEMBL414357,EXENATIDE,3.162278,2,29.67,0
CHEMBL414357,EXENATIDE,3.162278,3,27.36,0
CHEMBL414357,EXENATIDE,10.0,1,43.36,0
CHEMBL414357,EXENATIDE,10.0,2,42.73,0
CHEMBL414357,EXENATIDE,10.0,3,42.28,0
CHEMBL414357,EXENATIDE,31.622777,1,47.7,0
CHEMBL414357,EXENATIDE,31.622777,2,47.74,0
CHEMBL414357,EXENATIDE,31.622777,3,48.59,0
CHEMBL414357,EXENATIDE,100.0,1,49.04,0
CHEMBL414357,EXENATIDE,100.0,2,16.42,1
CHEMBL414357,EXENATIDE,100.0,3,50.97,0
CHEMBL4518483,DANUGLIPRON,0.001,1,5.29,0
CHEMBL4518483,DANUGLIPRON,0.001,2,4.5,0
CHEMBL4518483,DANUGLIPRON,0.001,3,-0.68,0
CHEMBL4518483,DANUGLIPRON,0.003162,1,-1.0,0
CHEMBL4518483,DANUGLIPRON,0.003162,2,-37.01,1
CHEMBL4518483,DANUGLIPRON,0.003162,3,-0.72,0
CHEMBL4518483,DANUGLIPRON,0.01,1,-0.1,0
CHEMBL4518483,DANUGLIPRON,0.01,2,-1.31,0
CHEMBL4518483,DANUGLIPRON,0.01,3,-1.28,0
CHEMBL4518483,DANUGLIPRON,0.031623,1,7.48,0
CHEMBL4518483,DANUGLIPRON,0.031623,2,-0.09,0
CHEMBL4518483,DANUGLIPRON,0.031623,3,0.52,0
CHEMBL4518483,DANUGLIPRON,0.1,1,-0.18,0
CHEMBL4518483,DANUGLIPRON,0.1,2,3.7,0
CHEMBL4518483,DANUGLIPRON,0.1,3,-1.05,0
CHEMBL4518483,DANUGLIPRON,0.316228,1,-4.05,0
CHEMBL4518483,DANUGLIPRON,0.316228,2,3.06,0
CHEMBL4518483,DANUGLIPRON,0.316228,3,3.36,0
CHEMBL4518483,DANUGLIPRON,1.0,1,7.4,0
CHEMBL4518483,DANUGLIPRON,1.0,2,-0.74,0
CHEMBL4518483,DANUGLIPRON,1.0,3,3.24,0
CHEMBL4518483,DANUGLIPRON,3.162278,1,13.16,0
CHEMBL4518483,DANUGLIPRON,3.162278,2,7.98,0
CHEMBL4518483,DANUGLIPRON,3.162278,3,9.11,0
CHEMBL4518483,DANUGLIPRON,10.0,1,24.89,0
CHEMBL4518483,DANUGLIPRON,10.0,2,23.23,0
CHEMBL4518483,DANUGLIPRON,10.0,3,30.31,0
CHEMBL4518483,DANUGLIPRON,31.622777,1,50.65,0
CHEMBL4518483,DANUGLIPRON,31.622777,2,57.65,0
CHEMBL4518483,DANUGLIPRON,31.622777,3,47.54,0
CHEMBL4518483,DANUGLIPRON,100.0,1,69.2,0
CHEMBL4518483,DANUGLIPRON,100.0,2,75.7,0
CHEMBL4518483,DANUGLIPRON,100.0,3,68.31,0
CHEMBL4518483,DANUGLIPRON,316.227766,1,86.09,0
CHEMBL4518483,DANUGLIPRON,316.227766,2,83.37,0
CHEMBL4518483,DANUGLIPRON,316.227766,3,81.5,0
CHEMBL4518483,DANUGLIPRON,1000.0,1,86.82,0
CHEMBL4518483,DANUGLIPRON,1000.0,2,85.97,0
CHEMBL4518483,DANUGLIPRON,1000.0,3,89.48,0
CHEMBL4518483,DANUGLIPRON,3162.27766,1,87.99,0
CHEMBL4518483,DANUGLIPRON,3162.27766,2,90.53,0
CHEMBL4518483,DANUGLIPRON,3162.27766,3,82.26,0
CHEMBL4518483,DANUGLIPRON,10000.0,1,86.65,0
CHEMBL4518483,DANUGLIPRON,10000.0,2,85.73,0
CHEMBL4518483,DANUGLIPRON,10000.0,3,86.06,0
CHEMBL5175378,,0.001,1,3.97,0
CHEMBL5175378,,0.001,2,-0.33,0
CHEMBL5175378,,0.001,3,4.12,0
CHEMBL5175378,,0.003162,1,0.53,0
CHEMBL5175378,,0.003162,2,-1.08,0
CHEMBL5175378,,0.003162,3,2.28,0
CHEMBL5175378,,0.01,1,0.21,0
CHEMBL5175378,,0.01,2,0.66,0
CHEMBL5175378,,0.01,3,-0.08,0
CHEMBL5175378,,0.031623,1,1.04,0
CHEMBL5175378,,0.031623,2,0.32,0
CHEMBL5175378,,0.031623,3,-3.01,0
CHEMBL5175378,,0.1,1,1.66,0
CHEMBL5175378,,0.1,2,1.82,0
CHEMBL5175378,,0.1,3,2.86,0
CHEMBL5175378,,0.316228,1,0.95,0
CHEMBL5175378,,0.316228,2,3.09,0
CHEMBL5175378,,0.316228,3,-0.31,0
CHEMBL5175378,,1.0,1,-4.47,0
CHEMBL5175378,,1.0,2,1.22,0
CHEMBL5175378,,1.0,3,-0.52,0
CHEMBL5175378,,3.162278,1,4.07,0
CHEMBL5175378,,3.162278,2,3.75,0
CHEMBL5175378,,3.162278,3,1.18,0
CHEMBL5175378,,10.0,1,2.12,0
CHEMBL5175378,,10.0,2,3.43,0
CHEMBL5175378,,10.0,3,2.71,0
CHEMBL5175378,,31.622777,1,7.16,0
CHEMBL5175378,,31.622777,2,8.97,0
CHEMBL5175378,,31.622777,3,2.14,0
CHEMBL5175378,,100.0,1,16.75,0
CHEMBL5175378,,100.0,2,21.93,0
CHEMBL5175378,,100.0,3,20.79,0
CHEMBL5175378,,316.227766,1,39.64,0
CHEMBL5175378,,316.227766,2,41.65,0
CHEMBL5175378,,316.227766,3,43.54,0
CHEMBL5175378,,1000.0,1,67.2,0
CHEMBL5175378,,1000.0,2,71.83,0
CHEMBL5175378,,1000.0,3,65.03,0
CHEMBL5175378,,3162.27766,1,84.96,0
CHEMBL5175378,,3162.27766,2,55.85,1
CHEMBL5175378,,3162.27766,3,86.16,0
CHEMBL5175378,,10000.0,1,98.74,0
CHEMBL5175378,,10000.0,2,93.84,0
CHEMBL5175378,,10000.0,3,99.84,0
CHEMBL5175695,,0.001,1,-0.3,0
CHEMBL5175695,,0.001,2,2.83,0
CHEMBL5175695,,0.001,3,5.28,0
CHEMBL5175695,,0.003162,1,-2.08,0
CHEMBL5175695,,0.003162,2,-2.59,0
CHEMBL5175695,,0.003162,3,-1.36,0
CHEMBL5175695,,0.01,1,-0.25,0
CHEMBL5175695,,0.01,2,5.29,0
CHEMBL5175695,,0.01,3,-0.31,0
CHEMBL5175695,,0.031623,1,2.47,0
CHEMBL5175695,,0.031623,2,2.07,0
CHEMBL5175695,,0.031623,3,1.13,0
CHEMBL5175695,,0.1,1,-0.4,0
CHEMBL5175695,,0.1,2,-0.57,0
CHEMBL5175695,,0.1,3,1.1,0
CHEMBL5175695,,0.316228,1,0.95,0
CHEMBL5175695,,0.316228,2,-2.54,0
CHEMBL5175695,,0.316228,3,5.26,0
CHEMBL5175695,,1.0,1,4.39,0
CHEMBL5175695,,1.0,2,2.55,0
CHEMBL5175695,,1.0,3,2.79,0
CHEMBL5175695,,3.162278,1,16.81,0
CHEMBL5175695,,3.162278,2,14.71,0
CHEMBL5175695,,3.162278,3,15.42,0
CHEMBL5175695,,10.0,1,31.31,0
CHEMBL5175695,,10.0,2,-0.09,1
CHEMBL5175695,,10.0,3,34.16,0
CHEMBL5175695,,31.622777,1,57.8,0
CHEMBL5175695,,31.622777,2,55.64,0
CHEMBL5175695,,31.622777,3,65.45,0
CHEMBL5175695,,100.0,1,83.68,0
CHEMBL5175695,,100.0,2,85.82,0
CHEMBL5175695,,100.0,3,85.77,0
CHEMBL5182066,,0.001,1,0.3,0
CHEMBL5182066,,0.001,2,-0.4,0
CHEMBL5182066,,0.001,3,2.17,0
CHEMBL5182066,,0.003162,1,-1.21,0
CHEMBL5182066,,0.003162,2,2.42,0
CHEMBL5182066,,0.003162,3,0.12,0
CHEMBL5182066,,0.01,1,-1.03,0
CHEMBL5182066,,0.01,2,-0.47,0
CHEMBL5182066,,0.01,3,2.03,0
CHEMBL5182066,,0.031623,1,-3.37,0
CHEMBL5182066,,0.031623,2,4.74,0
CHEMBL5182066,,0.031623,3,-0.43,0
CHEMBL5182066,,0.1,1,-1.13,0
CHEMBL5182066,,0.1,2,-1.21,0
CHEMBL5182066,,0.1,3,1.33,0
CHEMBL5182066,,0.316228,1,0.33,0
CHEMBL5182066,,0.316228,2,-2.37,0
CHEMBL5182066,,0.316228,3,-1.62,0
CHEMBL5182066,,1.0,1,-1.59,0
CHEMBL5182066,,1.0,2,0.31,0
CHEMBL5182066,,1.0,3,-3.29,0
CHEMBL5182066,,3.162278,1,0.52,0
CHEMBL5182066,,3.162278,2,3.22,0
CHEMBL5182066,,3.162278,3,1.8,0
CHEMBL5182066,,10.0,1,6.28,0
CHEMBL5182066,,10.0,2,2.47,0
CHEMBL5182066,,10.0,3,1.97,0
CHEMBL5182066,,31.622777,1,11.95,0
CHEMBL5182066,,31.622777,2,14.63,0
CHEMBL5182066,,31.622777,3,13.34,0
CHEMBL5182066,,100.0,1,29.69,0
CHEMBL5182066,,100.0,2,71.1,1
CHEMBL5182066,,100.0,3,35.39,0
CHEMBL5182066,,316.227766,1,59.73,0
CHEMBL5182066,,316.227766,2,57.02,0
CHEMBL5182066,,316.227766,3,56.08,0
CHEMBL5182066,,1000.0,1,68.29,0
CHEMBL5182066,,1000.0,2,64.4,0
CHEMBL5182066,,1000.0,3,71.52,0
CHEMBL5182066,,3162.27766,1,73.37,0
CHEMBL5182066,,3162.27766,2,73.69,0
CHEMBL5182066,,3162.27766,3,71.22,0
CHEMBL5182066,,10000.0,1,72.82,0
CHEMBL5182066,,10000.0,2,71.62,0
CHEMBL5182066,,10000.0,3,73.87,0
CHEMBL5182388,,0.001,1,0.48,0
CHEMBL5182388,,0.001,2,-0.79,0
CHEMBL5182388,,0.001,3,1.48,0
CHEMBL5182388,,0.003162,1,-1.17,0
CHEMBL5182388,,0.003162,2,0.52,0
CHEMBL5182388,,0.003162,3,-2.39,0
CHEMBL5182388,,0.01,1,0.73,0
CHEMBL5182388,,0.01,2,1.25,0
CHEMBL5182388,,0.01,3,3.69,0
CHEMBL5182388,,0.031623,1,-0.02,0
CHEMBL5182388,,0.031623,2,-1.06,0
CHEMBL5182388,,0.031623,3,1.12,0
CHEMBL5182388,,0.1,1,-4.15,0
CHEMBL5182388,,0.1,2,0.01,0
CHEMBL5182388,,0.1,3,0.05,0
CHEMBL5182388,,0.316228,1,2.36,0
CHEMBL5182388,,0.316228,2,0.18,0
CHEMBL5182388,,0.316228,3,-1.67,0
CHEMBL5182388,,1.0,1,-2.69,0
CHEMBL5182388,,1.0,2,-0.46,0
CHEMBL5182388,,1.0,3,-1.96,0
CHEMBL5182388,,3.162278,1,-0.61,0
CHEMBL5182388,,3.162278,2,-0.18,0
CHEMBL5182388,,3.162278,3,-4.35,0
CHEMBL5182388,,10.0,1,-2.03,0
CHEMBL5182388,,10.0,2,4.68,0
CHEMBL5182388,,10.0,3,5.06,0
CHEMBL5182388,,31.622777,1,6.2,0
CHEMBL5182388,,31.622777,2,6.27,0
CHEMBL5182388,,31.622777,3,6.38,0
CHEMBL5182388,,100.0,1,16.46,0
CHEMBL5182388,,100.0,2,16.49,0
CHEMBL5182388,,100.0,3,14.14,0
CHEMBL5182388,,316.227766,1,27.63,0
CHEMBL5182388,,316.227766,2,56.2,1
CHEMBL5182388,,316.227766,3,26.2,0
CHEMBL5182388,,1000.0,1,41.31,0
CHEMBL5182388,,1000.0,2,33.5,0
CHEMBL5182388,,1000.0,3,30.62,0
CHEMBL5182388,,3162.27766,1,48.57,0
CHEMBL5182388,,3162.27766,2,47.24,0
CHEMBL5182388,,3162.27766,3,46.08,0
CHEMBL5182388,,10000.0,1,53.26,0
CHEMBL5182388,,10000.0,2,49.1,0
CHEMBL5182388,,10000.0,3,50.09,0
CHEMBL5183336,,0.001,1,3.13,0
CHEMBL5183336,,0.001,2,1.89,0
CHEMBL5183336,,0.001,3,-4.48,0
CHEMBL5183336,,0.003162,1,-1.59,0
CHEMBL5183336,,0.003162,2,-0.3,0
CHEMBL5183336,,0.003162,3,-2.23,0
CHEMBL5183336,,0.01,1,1.95,0
CHEMBL5183336,,0.01,2,-2.55,0
CHEMBL5183336,,0.01,3,1.48,0
CHEMBL5183336,,0.031623,1,-4.01,0
CHEMBL5183336,,0.031623,2,2.13,0
CHEMBL5183336,,0.031623,3,2.43,0
CHEMBL5183336,,0.1,1,-2.07,0
CHEMBL5183336,,0.1,2,0.12,0
CHEMBL5183336,,0.1,3,2.09,0
CHEMBL5183336,,0.316228,1,3.73,0
CHEMBL5183336,,0.316228,2,8.09,0
CHEMBL5183336,,0.316228,3,0.93,0
CHEMBL5183336,,1.0,1,7.7,0
CHEMBL5183336,,1.0,2,5.37,0
CHEMBL5183336,,1.0,3,6.06,0
CHEMBL5183336,,3.162278,1,25.38,0
CHEMBL5183336,,3.162278,2,56.66,1
CHEMBL5183336,,3.162278,3,23.33,0
CHEMBL5183336,,10.0,1,46.64,0
CHEMBL5183336,,10.0,2,49.33,0
CHEMBL5183336,,10.0,3,45.05,0
CHEMBL5183336,,31.622777,1,70.27,0
CHEMBL5183336,,31.622777,2,67.11,0
CHEMBL5183336,,31.622777,3,68.04,0
CHEMBL5183336,,100.0,1,79.35,0
CHEMBL5183336,,100.0,2,78.93,0
CHEMBL5183336,,100.0,3,82.15,0
CHEMBL5189596,,0.001,1,2.09,0
CHEMBL5189596,,0.001,2,-0.87,0
CHEMBL5189596,,0.001,3,1.44,0
CHEMBL5189596,,0.003162,1,0.38,0
CHEMBL5189596,,0.003162,2,0.75,0
CHEMBL5189596,,0.003162,3,-5.85,0
CHEMBL5189596,,0.01,1,-0.15,0
CHEMBL5189596,,0.01,2,2.7,0
CHEMBL5189596,,0.01,3,-2.4,0
CHEMBL5189596,,0.031623,1,2.71,0
CHEMBL5189596,,0.031623,2,-0.66,0
CHEMBL5189596,,0.031623,3,2.04,0
CHEMBL5189596,,0.1,1,0.4,0
CHEMBL5189596,,0.1,2,-5.65,0
CHEMBL5189596,,0.1,3,-0.14,0
CHEMBL5189596,,0.316228,1,0.6,0
CHEMBL5189596,,0.316228,2,37.92,1
CHEMBL5189596,,0.316228,3,6.25,0
CHEMBL5189596,,1.0,1,6.02,0
CHEMBL5189596,,1.0,2,2.91,0
CHEMBL5189596,,1.0,3,10.2,0
CHEMBL5189596,,3.162278,1,9.19,0
CHEMBL5189596,,3.162278,2,11.92,0
CHEMBL5189596,,3.162278,3,9.12,0
CHEMBL5189596,,10.0,1,29.0,0
CHEMBL5189596,,10.0,2,34.36,0
CHEMBL5189596,,10.0,3,36.24,0
CHEMBL5189596,,31.622777,1,57.95,0
CHEMBL5189596,,31.622777,2,58.01,0
CHEMBL5189596,,31.622777,3,60.88,0
CHEMBL5189596,,100.0,1,82.4,0
CHEMBL5189596,,100.0,2,82.09,0
CHEMBL5189596,,100.0,3,81.64,0
CHEMBL5189596,,316.227766,1,97.63,0
CHEMBL5189596,,316.227766,2,94.87,0
CHEMBL5189596,,316.227766,3,92.54,0
CHEMBL5189596,,1000.0,1,98.96,0
CHEMBL5189596,,1000.0,2,97.05,0
CHEMBL5189596,,1000.0,3,97.33,0
CHEMBL5189596,,3162.27766,1,100.82,0
CHEMBL5189596,,3162.27766,2,100.48,0
CHEMBL5189596,,3162.27766,3,103.18,0
CHEMBL5189596,,10000.0,1,102.85,0
CHEMBL5189596,,10000.0,2,100.47,0
CHEMBL5189596,,10000.0,3,100.18,0
CHEMBL5191519,,0.001,1,1.75,0
CHEMBL5191519,,0.001,2,-2.8,0
CHEMBL5191519,,0.001,3,-2.13,0
CHEMBL5191519,,0.003162,1,4.35,0
CHEMBL5191519,,0.003162,2,1.9,0
CHEMBL5191519,,0.003162,3,1.9,0
CHEMBL5191519,,0.01,1,2.11,0
CHEMBL5191519,,0.01,2,-31.79,1
CHEMBL5191519,,0.01,3,-3.86,0
CHEMBL5191519,,0.031623,1,-7.36,0
CHEMBL5191519,,0.031623,2,-0.07,0
CHEMBL5191519,,0.031623,3,2.74,0
CHEMBL5191519,,0.1,1,-1.52,0
CHEMBL5191519,,0.1,2,0.66,0
CHEMBL5191519,,0.1,3,-1.87,0
CHEMBL5191519,,0.316228,1,4.87,0
CHEMBL5191519,,0.316228,2,1.6,0
CHEMBL5191519,,0.316228,3,-2.61,0
CHEMBL5191519,,1.0,1,6.17,0
CHEMBL5191519,,1.0,2,4.97,0
CHEMBL5191519,,1.0,3,1.64,0
CHEMBL5191519,,3.162278,1,4.34,0
CHEMBL5191519,,3.162278,2,7.73,0
CHEMBL5191519,,3.162278,3,6.73,0
CHEMBL5191519,,10.0,1,17.66,0
CHEMBL5191519,,10.0,2,16.81,0
CHEMBL5191519,,10.0,3,18.86,0
CHEMBL5191519,,31.622777,1,41.7,0
CHEMBL5191519,,31.622777,2,44.43,0
CHEMBL5191519,,31.622777,3,43.46,0
CHEMBL5191519,,100.0,1,70.04,0
CHEMBL5191519,,100.0,2,65.3,0
CHEMBL5191519,,100.0,3,72.9,0
CHEMBL5191519,,316.227766,1,86.8,0
CHEMBL5191519,,316.227766,2,90.7,0
CHEMBL5191519,,316.227766,3,87.91,0
CHEMBL5191519,,1000.0,1,101.87,0
CHEMBL5191519,,1000.0,2,101.15,0
CHEMBL5191519,,1000.0,3,94.43,0
CHEMBL5191519,,3162.27766,1,98.53,0
CHEMBL5191519,,3162.27766,2,97.1,0
CHEMBL5191519,,3162.27766,3,100.46,0
CHEMBL5191519,,10000.0,1,98.68,0
CHEMBL5191519,,10000.0,2,101.62,0
CHEMBL5191519,,10000.0,3,98.1,0
CHEMBL5314341,GLUCAGON,0.001,1,-3.34,0
CHEMBL5314341,GLUCAGON,0.001,2,0.38,0
CHEMBL5314341,GLUCAGON,0.001,3,-1.81,0
CHEMBL5314341,GLUCAGON,0.003162,1,-0.37,0
CHEMBL5314341,GLUCAGON,0.003162,2,0.33,0
CHEMBL5314341,GLUCAGON,0.003162,3,0.82,0
CHEMBL5314341,GLUCAGON,0.01,1,2.19,0
CHEMBL5314341,GLUCAGON,0.01,2,0.37,0
CHEMBL5314341,GLUCAGON,0.01,3,-2.09,0
CHEMBL5314341,GLUCAGON,0.031623,1,3.79,0
CHEMBL5314341,GLUCAGON,0.031623,2,-0.45,0
CHEMBL5314341,GLUCAGON,0.031623,3,-2.35,0
CHEMBL5314341,GLUCAGON,0.1,1,-1.7,0
CHEMBL5314341,GLUCAGON,0.1,2,0.14,0
CHEMBL5314341,GLUCAGON,0.1,3,-4.58,0
CHEMBL5314341,GLUCAGON,0.316228,1,3.01,0
CHEMBL5314341,GLUCAGON,0.316228,2,3.62,0
CHEMBL5314341,GLUCAGON,0.316228,3,5.62,0
CHEMBL5314341,GLUCAGON,1.0,1,12.08,0
CHEMBL5314341,GLUCAGON,1.0,2,10.33,0
CHEMBL5314341,GLUCAGON,1.0,3,14.95,0
CHEMBL5314341,GLUCAGON,3.162278,1,32.94,0
CHEMBL5314341,GLUCAGON,3.162278,2,35.82,0
CHEMBL5314341,GLUCAGON,3.162278,3,35.14,0
CHEMBL5314341,GLUCAGON,10.0,1,55.25,0
CHEMBL5314341,GLUCAGON,10.0,2,60.38,0
CHEMBL5314341,GLUCAGON,10.0,3,57.34,0
CHEMBL5314341,GLUCAGON,31.622777,1,69.13,0
CHEMBL5314341,GLUCAGON,31.622777,2,64.1,0
CHEMBL5314341,GLUCAGON,31.622777,3,70.8,0
CHEMBL5314341,GLUCAGON,100.0,1,67.77,0
CHEMBL5314341,GLUCAGON,100.0,2,35.99,1
CHEMBL5314341,GLUCAGON,100.0,3,71.3,0
CHEMBL585195,,0.001,1,1.0,0
CHEMBL585195,,0.001,2,5.07,0
CHEMBL585195,,0.001,3,5.48,0
CHEMBL585195,,0.003162,1,-0.42,0
CHEMBL585195,,0.003162,2,3.29,0
CHEMBL585195,,0.003162,3,-0.65,0
CHEMBL585195,,0.01,1,2.22,0
CHEMBL585195,,0.01,2,1.88,0
CHEMBL585195,,0.01,3,4.23,0
CHEMBL585195,,0.031623,1,5.51,0
CHEMBL585195,,0.031623,2,0.31,0
CHEMBL585195,,0.031623,3,6.53,0
CHEMBL585195,,0.1,1,15.96,0
CHEMBL585195,,0.1,2,14.88,0
CHEMBL585195,,0.1,3,13.56,0
CHEMBL585195,,0.316228,1,27.17,0
CHEMBL585195,,0.316228,2,57.94,1
CHEMBL585195,,0.316228,3,21.24,0
CHEMBL585195,,1.0,1,39.48,0
CHEMBL585195,,1.0,2,31.16,0
CHEMBL585195,,1.0,3,31.52,0
CHEMBL585195,,3.162278,1,47.68,0
CHEMBL585195,,3.162278,2,42.98,0
CHEMBL585195,,3.162278,3,51.15,0
CHEMBL585195,,10.0,1,50.83,0
CHEMBL585195,,10.0,2,49.45,0
CHEMBL585195,,10.0,3,48.02,0
CHEMBL585195,,31.622777,1,53.1,0
CHEMBL585195,,31.622777,2,50.76,0
CHEMBL585195,,31.622777,3,52.43,0
CHEMBL585195,,100.0,1,50.79,0
CHEMBL585195,,100.0,2,57.58,0
CHEMBL585195,,100.0,3,55.72,0
CHEMBL585195,,316.227766,1,57.01,0
CHEMBL585195,,316.227766,2,54.45,0
CHEMBL585195,,316.227766,3,54.61,0
CHEMBL585195,,1000.0,1,58.54,0
CHEMBL585195,,1000.0,2,57.13,0
CHEMBL585195,,1000.0,3,55.52,0
CHEMBL585195,,3162.27766,1,54.29,0
CHEMBL585195,,3162.27766,2,54.84,0
CHEMBL585195,,3162.27766,3,56.77,0
CHEMBL585195,,10000.0,1,54.3,0
CHEMBL585195,,10000.0,2,55.52,0
CHEMBL585195,,10000.0,3,54.45,0
