position,region,human,mouse,rat,macaque,differs_in,n_species_differing
1,unannotated,M,M,M,M,,0
2,unannotated,A,A,A,A,,0
3,unannotated,G,S,V,G,mouse;rat,2
4,unannotated,A,T,T,T,mouse;rat;macaque,3
5,unannotated,P,P,P,P,,0
6,unannotated,G,S,S,G,mouse;rat,2
7,unannotated,P,L,L,P,mouse;rat,2
8,unannotated,L,L,L,L,,0
9,unannotated,R,R,R,R,,0
10,unannotated,L,L,L,L,,0
11,unannotated,A,A,A,A,,0
12,unannotated,L,L,L,L,,0
13,unannotated,L,L,L,L,,0
14,unannotated,L,L,L,L,,0
15,unannotated,L,L,L,L,,0
16,unannotated,G,G,G,G,,0
17,unannotated,M,A,A,V,mouse;rat;macaque,3
18,unannotated,V,V,V,V,,0
19,unannotated,G,G,G,G,,0
20,unannotated,R,R,R,R,,0
21,unannotated,A,A,A,A,,0
22,unannotated,G,G,G,G,,0
23,unannotated,P,P,P,P,,0
24,extracellular,R,R,R,R,,0
25,extracellular,P,P,P,P,,0
26,extracellular,Q,Q,Q,Q,,0
27,extracellular,G,G,G,G,,0
28,extracellular,A,T,A,A,mouse,1
29,extracellular,T,T,T,T,,0
30,extracellular,V,V,V,V,,0
31,extracellular,S,S,S,S,,0
32,extracellular,L,L,L,L,,0
33,extracellular,W,S,S,W,mouse;rat,2
34,extracellular,E,E,E,E,,0
35,extracellular,T,T,T,T,,0
36,extracellular,V,V,V,V,,0
37,extracellular,Q,Q,Q,Q,,0
38,extracellular,K,K,K,K,,0
39,extracellular,W,W,W,W,,0
40,extracellular,R,R,R,R,,0
41,extracellular,E,E,E,E,,0
42,extracellular,Y,Y,Y,Y,,0
43,extracellular,R,R,R,R,,0
44,extracellular,R,R,H,R,rat,1
45,extracellular,Q,Q,Q,Q,,0
46,extracellular,C,C,C,C,,0
47,extracellular,Q,Q,Q,Q,,0
48,extracellular,R,R,R,R,,0
49,extracellular,S,F,F,S,mouse;rat,2
50,extracellular,L,L,L,L,,0
51,extracellular,T,T,T,T,,0
52,extracellular,E,E,E,E,,0
53,extracellular,D,A,A,D,mouse;rat,2
54,extracellular,P,P,P,P,,0
55,extracellular,P,L,L,P,mouse;rat,2
56,extracellular,P,L,L,P,mouse;rat,2
57,extracellular,A,A,A,A,,0
58,extracellular,T,T,T,T,,0
59,extracellular,D,G,G,D,mouse;rat,2
60,extracellular,L,L,L,L,,0
61,extracellular,F,F,F,F,,0
62,extracellular,C,C,C,C,,0
63,extracellular,N,N,N,N,,0
64,extracellular,R,R,R,R,,0
65,extracellular,T,T,T,T,,0
66,extracellular,F,F,F,F,,0
67,extracellular,D,D,D,D,,0
68,extracellular,E,D,D,E,mouse;rat,2
69,extracellular,Y,Y,Y,Y,,0
70,extracellular,A,A,A,A,,0
71,extracellular,C,C,C,C,,0
72,extracellular,W,W,W,W,,0
73,extracellular,P,P,P,P,,0
74,extracellular,D,D,D,D,,0
75,extracellular,G,G,G,G,,0
76,extracellular,E,P,P,E,mouse;rat,2
77,extracellular,P,P,P,P,,0
78,extracellular,G,G,G,G,,0
79,extracellular,S,S,S,S,,0
80,extracellular,F,F,F,F,,0
81,extracellular,V,V,V,V,,0
82,extracellular,N,N,N,N,,0
83,extracellular,V,V,V,V,,0
84,extracellular,S,S,S,S,,0
85,extracellular,C,C,C,C,,0
86,extracellular,P,P,P,P,,0
87,extracellular,W,W,W,W,,0
88,extracellular,Y,Y,Y,Y,,0
89,extracellular,L,L,L,L,,0
90,extracellular,P,P,P,P,,0
91,extracellular,W,W,W,W,,0
92,extracellular,A,A,A,A,,0
93,extracellular,S,S,S,S,,0
94,extracellular,S,S,S,S,,0
95,extracellular,V,V,V,V,,0
96,extracellular,P,L,L,P,mouse;rat,2
97,extracellular,Q,Q,Q,Q,,0
98,extracellular,G,G,G,G,,0
99,extracellular,H,H,H,H,,0
100,extracellular,V,V,V,V,,0
101,extracellular,Y,Y,Y,Y,,0
102,extracellular,R,R,R,R,,0
103,extracellular,F,F,F,F,,0
104,extracellular,C,C,C,C,,0
105,extracellular,T,T,T,T,,0
106,extracellular,A,A,A,A,,0
107,extracellular,E,E,E,E,,0
108,extracellular,G,G,G,G,,0
109,extracellular,L,L,I,L,rat,1
110,extracellular,W,W,W,W,,0
111,extracellular,L,L,L,L,,0
112,extracellular,Q,H,H,Q,mouse;rat,2
113,extracellular,K,K,K,K,,0
114,extracellular,D,D,D,D,,0
115,extracellular,N,N,N,N,,0
116,extracellular,S,S,S,S,,0
117,extracellular,S,S,S,S,,0
118,extracellular,L,L,L,L,,0
119,extracellular,P,P,P,P,,0
120,extracellular,W,W,W,W,,0
121,extracellular,R,R,R,R,,0
122,extracellular,D,D,D,D,,0
123,extracellular,L,L,L,L,,0
124,extracellular,S,S,S,S,,0
125,extracellular,E,E,E,E,,0
126,extracellular,C,C,C,C,,0
127,extracellular,E,E,E,E,,0
128,extracellular,E,E,E,E,,0
129,extracellular,S,S,S,S,,0
130,extracellular,K,K,K,K,,0
131,extracellular,R,R,Q,R,rat,1
132,extracellular,G,G,G,G,,0
133,extracellular,E,E,E,E,,0
134,extracellular,R,R,R,R,,0
135,extracellular,S,N,N,N,mouse;rat;macaque,3
136,extracellular,S,F,S,S,mouse,1
137,extracellular,P,P,P,P,,0
138,extracellular,E,E,E,E,,0
139,extracellular,E,E,E,E,,0
140,transmembrane_helix,Q,Q,Q,Q,,0
141,transmembrane_helix,L,L,L,L,,0
142,transmembrane_helix,L,L,L,L,,0
143,transmembrane_helix,F,S,S,S,mouse;rat;macaque,3
144,transmembrane_helix,L,L,L,L,,0
145,transmembrane_helix,Y,Y,Y,Y,,0
146,transmembrane_helix,I,I,I,I,,0
147,transmembrane_helix,I,I,I,I,,0
148,transmembrane_helix,Y,Y,Y,Y,,0
149,transmembrane_helix,T,T,T,T,,0
150,transmembrane_helix,V,V,V,V,,0
151,transmembrane_helix,G,G,G,G,,0
152,transmembrane_helix,Y,Y,Y,Y,,0
153,transmembrane_helix,A,A,A,A,,0
154,transmembrane_helix,L,L,L,L,,0
155,transmembrane_helix,S,S,S,S,,0
156,transmembrane_helix,F,F,F,F,,0
157,transmembrane_helix,S,S,S,S,,0
158,transmembrane_helix,A,A,A,A,,0
159,transmembrane_helix,L,L,L,L,,0
160,transmembrane_helix,V,V,V,V,,0
161,transmembrane_helix,I,I,I,I,,0
162,transmembrane_helix,A,A,A,A,,0
163,transmembrane_helix,S,S,S,S,,0
164,transmembrane_helix,A,A,A,A,,0
165,cytoplasmic,I,I,I,I,,0
166,cytoplasmic,L,L,L,L,,0
167,cytoplasmic,L,V,V,L,mouse;rat,2
168,cytoplasmic,G,G,S,G,rat,1
169,cytoplasmic,F,F,F,F,,0
170,cytoplasmic,R,R,R,R,,0
171,cytoplasmic,H,H,H,H,,0
172,cytoplasmic,L,L,L,L,,0
173,cytoplasmic,H,H,H,H,,0
174,cytoplasmic,C,C,C,C,,0
175,cytoplasmic,T,T,T,T,,0
176,transmembrane_helix,R,R,R,R,,0
177,transmembrane_helix,N,N,N,N,,0
178,transmembrane_helix,Y,Y,Y,Y,,0
179,transmembrane_helix,I,I,I,I,,0
180,transmembrane_helix,H,H,H,H,,0
181,transmembrane_helix,L,L,L,L,,0
182,transmembrane_helix,N,N,N,N,,0
183,transmembrane_helix,L,L,L,L,,0
184,transmembrane_helix,F,F,F,F,,0
185,transmembrane_helix,A,A,A,A,,0
186,transmembrane_helix,S,S,S,S,,0
187,transmembrane_helix,F,F,F,F,,0
188,transmembrane_helix,I,I,I,I,,0
189,transmembrane_helix,L,L,L,L,,0
190,transmembrane_helix,R,R,R,R,,0
191,transmembrane_helix,A,A,A,A,,0
192,transmembrane_helix,L,L,L,L,,0
193,transmembrane_helix,S,S,S,S,,0
194,transmembrane_helix,V,V,V,V,,0
195,transmembrane_helix,F,F,F,F,,0
196,transmembrane_helix,I,I,I,I,,0
197,transmembrane_helix,K,K,K,K,,0
198,transmembrane_helix,D,D,D,D,,0
199,transmembrane_helix,A,A,A,A,,0
200,transmembrane_helix,A,A,A,A,,0
201,transmembrane_helix,L,L,L,L,,0
202,extracellular,K,K,K,K,,0
203,extracellular,W,W,W,W,,0
204,extracellular,M,M,M,M,,0
205,extracellular,Y,Y,Y,Y,,0
206,extracellular,S,S,S,S,,0
207,extracellular,T,T,T,T,,0
208,extracellular,A,A,A,A,,0
209,extracellular,A,A,A,A,,0
210,extracellular,Q,Q,Q,Q,,0
211,extracellular,Q,Q,Q,Q,,0
212,extracellular,H,H,H,H,,0
213,extracellular,Q,Q,Q,Q,,0
214,extracellular,W,W,W,W,,0
215,extracellular,D,D,D,D,,0
216,extracellular,G,G,G,G,,0
217,extracellular,L,L,L,L,,0
218,extracellular,L,L,L,L,,0
219,extracellular,S,S,S,S,,0
220,extracellular,Y,Y,Y,Y,,0
221,extracellular,Q,Q,Q,Q,,0
222,extracellular,D,D,D,D,,0
223,extracellular,S,S,S,S,,0
224,extracellular,L,L,L,L,,0
225,extracellular,S,G,G,G,mouse;rat;macaque,3
226,extracellular,C,C,C,C,,0
227,extracellular,R,R,R,R,,0
228,transmembrane_helix,L,L,L,V,macaque,1
229,transmembrane_helix,V,V,V,V,,0
230,transmembrane_helix,F,F,F,F,,0
231,transmembrane_helix,L,L,L,L,,0
232,transmembrane_helix,L,L,L,L,,0
233,transmembrane_helix,M,M,M,M,,0
234,transmembrane_helix,Q,Q,Q,Q,,0
235,transmembrane_helix,Y,Y,Y,Y,,0
236,transmembrane_helix,C,C,C,C,,0
237,transmembrane_helix,V,V,V,V,,0
238,transmembrane_helix,A,A,A,A,,0
239,transmembrane_helix,A,A,A,A,,0
240,transmembrane_helix,N,N,N,N,,0
241,transmembrane_helix,Y,Y,Y,Y,,0
242,transmembrane_helix,Y,Y,Y,Y,,0
243,transmembrane_helix,W,W,W,W,,0
244,transmembrane_helix,L,L,L,L,,0
245,transmembrane_helix,L,L,L,L,,0
246,transmembrane_helix,V,V,V,V,,0
247,transmembrane_helix,E,E,E,E,,0
248,transmembrane_helix,G,G,G,G,,0
249,transmembrane_helix,V,V,V,V,,0
250,transmembrane_helix,Y,Y,Y,Y,,0
251,transmembrane_helix,L,L,L,L,,0
252,cytoplasmic,Y,Y,Y,Y,,0
253,cytoplasmic,T,T,T,T,,0
254,cytoplasmic,L,L,L,L,,0
255,cytoplasmic,L,L,L,L,,0
256,cytoplasmic,A,A,A,A,,0
257,cytoplasmic,F,F,F,F,,0
258,cytoplasmic,S,S,S,S,,0
259,cytoplasmic,V,V,V,V,,0
260,cytoplasmic,L,F,F,F,mouse;rat;macaque,3
261,cytoplasmic,S,S,S,S,,0
262,cytoplasmic,E,E,E,E,,0
263,cytoplasmic,Q,Q,Q,Q,,0
264,cytoplasmic,W,R,R,R,mouse;rat;macaque,3
265,cytoplasmic,I,I,I,I,,0
266,transmembrane_helix,F,F,F,F,,0
267,transmembrane_helix,R,K,K,R,mouse;rat,2
268,transmembrane_helix,L,L,L,L,,0
269,transmembrane_helix,Y,Y,Y,Y,,0
270,transmembrane_helix,V,L,L,V,mouse;rat,2
271,transmembrane_helix,S,S,S,S,,0
272,transmembrane_helix,I,I,I,V,macaque,1
273,transmembrane_helix,G,G,G,G,,0
274,transmembrane_helix,W,W,W,W,,0
275,transmembrane_helix,G,G,G,G,,0
276,transmembrane_helix,V,V,V,V,,0
277,transmembrane_helix,P,P,P,P,,0
278,transmembrane_helix,L,L,L,L,,0
279,transmembrane_helix,L,L,L,L,,0
280,transmembrane_helix,F,F,F,F,,0
281,transmembrane_helix,V,V,V,V,,0
282,transmembrane_helix,V,I,I,V,mouse;rat,2
283,transmembrane_helix,P,P,P,P,,0
284,transmembrane_helix,W,W,W,W,,0
285,transmembrane_helix,G,G,G,G,,0
286,transmembrane_helix,I,I,I,I,,0
287,transmembrane_helix,V,V,V,V,,0
288,transmembrane_helix,K,K,K,K,,0
289,transmembrane_helix,Y,Y,Y,Y,,0
290,transmembrane_helix,L,L,L,L,,0
291,extracellular,Y,Y,Y,Y,,0
292,extracellular,E,E,E,E,,0
293,extracellular,D,D,D,D,,0
294,extracellular,E,E,E,E,,0
295,extracellular,G,G,G,G,,0
296,extracellular,C,C,C,C,,0
297,extracellular,W,W,W,W,,0
298,extracellular,T,T,T,T,,0
299,extracellular,R,R,R,R,,0
300,extracellular,N,N,N,N,,0
301,extracellular,S,S,S,S,,0
302,extracellular,N,N,N,N,,0
303,extracellular,M,M,M,M,,0
304,extracellular,N,N,N,N,,0
305,extracellular,Y,Y,Y,Y,,0
306,transmembrane_helix,W,W,W,W,,0
307,transmembrane_helix,L,L,L,L,,0
308,transmembrane_helix,I,I,I,I,,0
309,transmembrane_helix,I,I,I,I,,0
310,transmembrane_helix,R,R,R,R,,0
311,transmembrane_helix,L,L,L,L,,0
312,transmembrane_helix,P,P,P,P,,0
313,transmembrane_helix,I,I,I,I,,0
314,transmembrane_helix,L,L,L,L,,0
315,transmembrane_helix,F,F,F,F,,0
316,transmembrane_helix,A,A,A,A,,0
317,transmembrane_helix,I,I,I,I,,0
318,transmembrane_helix,G,G,G,G,,0
319,transmembrane_helix,V,V,V,V,,0
320,transmembrane_helix,N,N,N,N,,0
321,transmembrane_helix,F,F,F,F,,0
322,transmembrane_helix,L,L,L,L,,0
323,transmembrane_helix,I,I,V,I,rat,1
324,transmembrane_helix,F,F,F,F,,0
325,transmembrane_helix,V,I,I,V,mouse;rat,2
326,transmembrane_helix,R,R,R,R,,0
327,transmembrane_helix,V,V,V,V,,0
328,transmembrane_helix,I,I,I,I,,0
329,cytoplasmic,C,C,C,C,,0
330,cytoplasmic,I,I,I,I,,0
331,cytoplasmic,V,V,V,V,,0
332,cytoplasmic,V,V,I,V,rat,1
333,cytoplasmic,S,S,A,S,rat,1
334,cytoplasmic,K,K,K,K,,0
335,cytoplasmic,L,L,L,L,,0
336,cytoplasmic,K,K,K,K,,0
337,cytoplasmic,A,A,A,A,,0
338,cytoplasmic,N,N,N,N,,0
339,cytoplasmic,L,L,L,L,,0
340,cytoplasmic,M,M,M,M,,0
341,cytoplasmic,C,C,C,C,,0
342,cytoplasmic,K,K,K,K,,0
343,cytoplasmic,T,T,T,T,,0
344,cytoplasmic,D,D,D,D,,0
345,cytoplasmic,I,I,I,I,,0
346,cytoplasmic,K,K,K,K,,0
347,cytoplasmic,C,C,C,C,,0
348,cytoplasmic,R,R,R,R,,0
349,transmembrane_helix,L,L,L,L,,0
350,transmembrane_helix,A,A,A,A,,0
351,transmembrane_helix,K,K,K,K,,0
352,transmembrane_helix,S,S,S,S,,0
353,transmembrane_helix,T,T,T,T,,0
354,transmembrane_helix,L,L,L,L,,0
355,transmembrane_helix,T,T,T,T,,0
356,transmembrane_helix,L,L,L,L,,0
357,transmembrane_helix,I,I,I,I,,0
358,transmembrane_helix,P,P,P,P,,0
359,transmembrane_helix,L,L,L,L,,0
360,transmembrane_helix,L,L,L,L,,0
361,transmembrane_helix,G,G,G,G,,0
362,transmembrane_helix,T,T,T,T,,0
363,transmembrane_helix,H,H,H,H,,0
364,transmembrane_helix,E,E,E,E,,0
365,transmembrane_helix,V,V,V,V,,0
366,transmembrane_helix,I,I,I,I,,0
367,transmembrane_helix,F,F,F,F,,0
368,transmembrane_helix,A,A,A,A,,0
369,transmembrane_helix,F,F,F,F,,0
370,transmembrane_helix,V,V,V,V,,0
371,extracellular,M,M,M,M,,0
372,extracellular,D,D,D,D,,0
373,extracellular,E,E,E,E,,0
374,extracellular,H,H,H,H,,0
375,extracellular,A,A,A,A,,0
376,extracellular,R,R,R,R,,0
377,extracellular,G,G,G,G,,0
378,extracellular,T,T,T,T,,0
379,extracellular,L,L,L,L,,0
380,extracellular,R,R,R,R,,0
381,extracellular,F,F,F,F,,0
382,extracellular,I,I,V,I,rat,1
383,extracellular,K,K,K,K,,0
384,transmembrane_helix,L,L,L,L,,0
385,transmembrane_helix,F,F,F,F,,0
386,transmembrane_helix,T,T,T,T,,0
387,transmembrane_helix,E,E,E,E,,0
388,transmembrane_helix,L,L,L,L,,0
389,transmembrane_helix,S,S,S,S,,0
390,transmembrane_helix,F,F,F,F,,0
391,transmembrane_helix,T,T,T,T,,0
392,transmembrane_helix,S,S,S,S,,0
393,transmembrane_helix,F,F,F,F,,0
394,transmembrane_helix,Q,Q,Q,Q,,0
395,transmembrane_helix,G,G,G,G,,0
396,transmembrane_helix,L,L,F,L,rat,1
397,transmembrane_helix,M,M,M,M,,0
398,transmembrane_helix,V,V,V,V,,0
399,transmembrane_helix,A,A,A,A,,0
400,transmembrane_helix,I,I,V,I,rat,1
401,transmembrane_helix,L,L,L,L,,0
402,transmembrane_helix,Y,Y,Y,Y,,0
403,transmembrane_helix,C,C,C,C,,0
404,transmembrane_helix,F,F,F,F,,0
405,cytoplasmic,V,V,V,V,,0
406,cytoplasmic,N,N,N,N,,0
407,cytoplasmic,N,N,N,N,,0
408,cytoplasmic,E,E,E,E,,0
409,cytoplasmic,V,V,V,V,,0
410,cytoplasmic,Q,Q,Q,Q,,0
411,cytoplasmic,L,M,M,L,mouse;rat,2
412,cytoplasmic,E,E,E,E,,0
413,cytoplasmic,F,F,F,F,,0
414,cytoplasmic,R,R,R,R,,0
415,cytoplasmic,K,K,K,K,,0
416,cytoplasmic,S,C,S,S,mouse,1
417,cytoplasmic,W,W,W,W,,0
418,cytoplasmic,E,E,E,E,,0
419,cytoplasmic,R,R,R,R,,0
420,cytoplasmic,W,W,W,W,,0
421,cytoplasmic,R,R,R,R,,0
422,cytoplasmic,L,L,L,L,,0
423,cytoplasmic,E,E,E,E,,0
424,cytoplasmic,H,H,R,H,rat,1
425,cytoplasmic,L,L,L,L,,0
426,cytoplasmic,H,N,N,H,mouse;rat,2
427,cytoplasmic,I,I,I,I,,0
428,cytoplasmic,Q,Q,Q,Q,,0
429,cytoplasmic,R,R,R,R,,0
430,cytoplasmic,D,D,D,D,,0
431,cytoplasmic,S,C,S,S,mouse,1
432,cytoplasmic,S,S,S,S,,0
433,cytoplasmic,M,M,M,M,,0
434,cytoplasmic,K,K,K,K,,0
435,cytoplasmic,P,P,P,P,,0
436,cytoplasmic,L,L,L,L,,0
437,cytoplasmic,K,K,K,K,,0
438,cytoplasmic,C,C,C,C,,0
439,cytoplasmic,P,P,P,P,,0
440,cytoplasmic,T,T,T,T,,0
441,cytoplasmic,S,S,S,S,,0
442,cytoplasmic,S,S,S,S,,0
443,cytoplasmic,L,V,V,L,mouse;rat,2
444,cytoplasmic,S,S,S,S,,0
445,cytoplasmic,S,S,S,S,,0
446,cytoplasmic,G,G,G,G,,0
447,cytoplasmic,A,A,A,A,,0
448,cytoplasmic,T,T,T,T,,0
449,cytoplasmic,A,V,V,A,mouse;rat,2
450,cytoplasmic,G,G,G,G,,0
451,cytoplasmic,S,S,S,S,,0
452,cytoplasmic,S,S,S,S,,0
453,cytoplasmic,M,V,V,M,mouse;rat,2
454,cytoplasmic,Y,Y,Y,Y,,0
455,cytoplasmic,T,A,A,T,mouse;rat,2
456,cytoplasmic,A,A,A,A,,0
457,cytoplasmic,T,T,T,T,,0
458,cytoplasmic,C,C,C,C,,0
459,cytoplasmic,Q,Q,Q,Q,,0
460,cytoplasmic,A,S,N,A,mouse;rat,2
461,cytoplasmic,S,S,S,S,,0
462,cytoplasmic,C,Y,C,C,mouse,1
463,cytoplasmic,S,S,S,S,,0
